Designatie;d;D;B;C [N];C0 [N];Cu [N];Limiting speed;Reference speed;e;Y1;Y2;Y0
21304-E1-XL-TVPB;20;52;15;41;33;3700;16000;9700;0,3;2,25;3,34;2,2
22205-E1-XL;25;52;18;48,5;42,5;4800;14400;9200;0,33;2,07;3,09;2,03
22205-E1-XL-K;25;52;18;48,5;42,5;4800;14400;9200;0,33;2,07;3,09;2,03
21305-E1-XL-TVPB;25;62;17;52;43,5;4750;13900;8400;0,28;2,43;3,61;2,37
22206-E1-XL;30;62;20;64;57;6900;12500;7800;0,3;2,26;3,37;2,21
22206-E1-XL-K;30;62;20;64;57;6900;12500;7800;0,3;2,26;3,37;2,21
21306-E1-XL-TVPB;30;72;19;72;63;7000;12000;7300;0,27;2,49;3,71;2,43
22207-E1-XL;35;72;23;89;81;9400;10700;7000;0,31;2,21;3,29;2,16
22207-E1-XL-K;35;72;23;89;81;9400;10700;7000;0,31;2,21;3,29;2,16
21307-E1-XL-K-TVPB;35;80;21;83;74;8100;10900;6800;0,26;2,55;3,8;2,5
21307-E1-XL-TVPB;35;80;21;83;74;8100;10900;6800;0,26;2,55;3,8;2,5
22208-E1-XL;40;80;23;101;91;11800;10500;6200;0,27;2,49;3,71;2,43
22208-E1-XL-K;40;80;23;101;91;11800;10500;6200;0,27;2,49;3,71;2,43
21308-E1-XL;40;90;23;109;107;14300;9800;5200;0,23;2,95;4,4;2,89
21308-E1-XL-K;40;90;23;109;107;14300;9800;5200;0,23;2,95;4,4;2,89
22308-E1-XL;40;90;33;156;149;13100;7600;5500;0,36;1,86;2,77;1,82
22308-E1-XL-K;40;90;33;156;149;13100;7600;5500;0,36;1,86;2,77;1,82
22209-E1-XL;45;85;23;104;99;12700;10100;5600;0,25;2,74;4,08;2,68
22209-E1-XL-K;45;85;23;104;99;12700;10100;5600;0,25;2,74;4,08;2,68
21309-E1-XL;45;100;25;129;130;17300;9000;4750;0,21;3,17;4,72;3,1
21309-E1-XL-K;45;100;25;129;130;17300;9000;4750;0,21;3,17;4,72;3,1
22309-E1-XL;45;100;36;187;183;16000;6800;5000;0,36;1,9;2,83;1,86
22309-E1-XL-K;45;100;36;187;183;16000;6800;5000;0,36;1,9;2,83;1,86
22210-E1-XL;50;90;23;109;107;14300;9800;5100;0,23;2,95;4,4;2,89
22210-E1-XL-K;50;90;23;109;107;14300;9800;5100;0,23;2,95;4,4;2,89
21310-E1-XL;50;110;27;129;130;17300;9000;5400;0,21;3,17;4,72;3,1
21310-E1-XL-K;50;110;27;129;130;17300;9000;5400;0,21;3,17;4,72;3,1
22310-E1-XL;50;110;40;229;223;20100;6300;4800;0,36;1,86;2,77;1,82
22310-E1-XL-K;50;110;40;229;223;20100;6300;4800;0,36;1,86;2,77;1,82
22211-E1-XL;55;100;25;129;130;17300;9000;4650;0,21;3,17;4,72;3,1
22211-E1-XL-K;55;100;25;129;130;17300;9000;4650;0,21;3,17;4,72;3,1
21311-E1-XL;55;120;29;160;155;20200;8100;5100;0,23;2,98;4,44;2,92
21311-E1-XL-K;55;120;29;160;155;20200;8100;5100;0,23;2,98;4,44;2,92
22311-E1-XL;55;120;43;265;260;23900;5800;4500;0,36;1,89;2,81;1,84
22311-E1-XL-K;55;120;43;265;260;23900;5800;4500;0,36;1,89;2,81;1,84
22212-E1-XL;60;110;28;160;155;20200;8100;4550;0,23;2,98;4,44;2,92
22212-E1-XL-K;60;110;28;160;155;20200;8100;4550;0,23;2,98;4,44;2,92
21312-E1-XL;60;130;31;211;226;28000;6700;4100;0,23;2,95;4,4;2,89
21312-E1-XL-K;60;130;31;211;226;28000;6700;4100;0,23;2,95;4,4;2,89
22312-E1-XL;60;130;46;310;310;28000;5400;4200;0,35;1,91;2,85;1,87
22312-E1-XL-K;60;130;46;310;310;28000;5400;4200;0,35;1,91;2,85;1,87
22213-E1-XL;65;120;31;202;210;25500;7000;4200;0,24;2,81;4,19;2,75
22213-E1-XL-K;65;120;31;202;210;25500;7000;4200;0,24;2,81;4,19;2,75
21313-E1-XL;65;140;33;250;270;33500;6200;3600;0,22;3,14;4,67;3,07
21313-E1-XL-K;65;140;33;250;270;33500;6200;3600;0,22;3,14;4,67;3,07
22313-E1-XL;65;140;48;350;365;32500;5000;3800;0,34;2;2,98;1,96
22313-E1-XL-K;65;140;48;350;365;32500;5000;3800;0,34;2;2,98;1,96
22214-E1-XL;70;125;31;211;226;28000;6700;3950;0,23;2,95;4,4;2,89
22214-E1-XL-K;70;125;31;211;226;28000;6700;3950;0,23;2,95;4,4;2,89
21314-E1-XL;70;150;35;250;270;33500;6200;3950;0,22;3,14;4,67;3,07
21314-E1-XL-K;70;150;35;250;270;33500;6200;3950;0,22;3,14;4,67;3,07
22314-E1-XL;70;150;51;390;390;36500;4800;3700;0,34;2;2,98;1,96
22314-E1-XL-K;70;150;51;390;390;36500;4800;3700;0,34;2;2,98;1,96
22215-E1-XL;75;130;31;216;237;29500;6500;3700;0,22;3,1;4,62;3,03
22215-E1-XL-K;75;130;31;216;237;29500;6500;3700;0,22;3,1;4,62;3,03
21315-E1-XL;75;160;37;305;325;38000;5700;3750;0,22;3,04;4,53;2,97
21315-E1-XL-K;75;160;37;305;325;38000;5700;3750;0,22;3,04;4,53;2,97
22315-E1-XL;75;160;55;445;450;40500;4500;3550;0,34;1,99;2,96;1,94
22315-E1-XL-K;75;160;55;445;450;40500;4500;3550;0,34;1,99;2,96;1,94
22216-E1-XL;80;140;33;250;270;33500;6200;3550;0,22;3,14;4,67;3,07
22216-E1-XL-K;80;140;33;250;270;33500;6200;3550;0,22;3,14;4,67;3,07
21316-E1-XL;80;170;39;305;325;38000;5700;4050;0,22;3,04;4,53;2,97
21316-E1-XL-K;80;170;39;305;325;38000;5700;4050;0,22;3,04;4,53;2,97
22316-E1-XL;80;170;58;495;510;45000;4250;3400;0,34;1,99;2,96;1,94
22316-E1-XL-K;80;170;58;495;510;45000;4250;3400;0,34;1,99;2,96;1,94
22217-E1-XL;85;150;36;305;325;38000;5700;3450;0,22;3,04;4,53;2,97
22217-E1-XL-K;85;150;36;305;325;38000;5700;3450;0,22;3,04;4,53;2,97
21317-E1-XL;85;180;41;345;375;42500;5200;3800;0,23;2,9;4,31;2,83
21317-E1-XL-K;85;180;41;345;375;42500;5200;3800;0,23;2,9;4,31;2,83
22317-E1-XL;85;180;60;540;560;49500;4100;3200;0,33;2,04;3,04;2
22317-E1-XL-K;85;180;60;540;560;49500;4100;3200;0,33;2,04;3,04;2
22218-E1-XL;90;160;40;345;375;42500;5200;3400;0,23;2,9;4,31;2,83
22218-E1-XL-K;90;160;40;345;375;42500;5200;3400;0,23;2,9;4,31;2,83
23218-E1-XL-K-TVPB;90;160;52,4;445;520;48500;4250;2650;0,31;2,2;3,27;2,15
23218-E1-XL-TVPB;90;160;52,4;445;520;48500;4250;2650;0,31;2,2;3,27;2,15
23218-E1A-XL-K-M;90;160;52,4;445;520;48500;4250;2650;0,31;2,2;3,27;2,15
23218-E1A-XL-M;90;160;52,4;445;520;48500;4250;2650;0,31;2,2;3,27;2,15
21318-E1-XL;90;190;43;380;415;47000;4850;3600;0,24;2,87;4,27;2,8
21318-E1-XL-K;90;190;43;380;415;47000;4850;3600;0,24;2,87;4,27;2,8
22318-E1-XL;90;190;64;610;630;55000;3850;3000;0,33;2,03;3,02;1,98
22318-E1-XL-K;90;190;64;610;630;55000;3850;3000;0,33;2,03;3,02;1,98
22219-E1-XL;95;170;43;380;415;47000;4850;3300;0,24;2,87;4,27;2,8
22219-E1-XL-K;95;170;43;380;415;47000;4850;3300;0,24;2,87;4,27;2,8
21319-E1-XL-K-TVPB;95;200;45;425;450;47500;4600;3250;0,22;3,04;4,53;2,97
21319-E1-XL-TVPB;95;200;45;425;450;47500;4600;3250;0,22;3,04;4,53;2,97
22319-E1-XL;95;200;67;670;700;59000;3700;2800;0,33;2,03;3,02;1,98
22319-E1-XL-K;95;200;67;670;700;59000;3700;2800;0,33;2,03;3,02;1,98
23120-E1-XL-K-TVPB;100;165;52;450;570;52000;4000;2750;0,28;2,37;3,53;2,32
23120-E1-XL-TVPB;100;165;52;450;570;52000;4000;2750;0,28;2,37;3,53;2,32
23120-E1A-XL-K-M;100;165;52;450;570;52000;4000;2750;0,28;2,37;3,53;2,32
23120-E1A-XL-M;100;165;52;450;570;52000;4000;2750;0,28;2,37;3,53;2,32
22220-E1-XL;100;180;46;430;475;52000;4550;3150;0,24;2,84;4,23;2,78
22220-E1-XL-K;100;180;46;430;475;52000;4550;3150;0,24;2,84;4,23;2,78
23220-E1-XL-K-TVPB;100;180;60,3;560;660;60000;3750;2410;0,31;2,15;3,2;2,1
23220-E1-XL-TVPB;100;180;60,3;560;660;60000;3750;2410;0,31;2,15;3,2;2,1
23220-E1A-XL-K-M;100;180;60,3;560;660;60000;3750;2410;0,31;2,15;3,2;2,1
23220-E1A-XL-M;100;180;60,3;560;660;60000;3750;2410;0,31;2,15;3,2;2,1
21320-E1-XL-K-TVPB;100;215;47;495;530;60000;4400;3050;0,22;3,14;4,67;3,07
21320-E1-XL-TVPB;100;215;47;495;530;60000;4400;3050;0,22;3,14;4,67;3,07
22320-E1-XL;100;215;73;810;920;75000;3300;2380;0,33;2,03;3,02;1,98
22320-E1-XL-K;100;215;73;810;920;75000;3300;2380;0,33;2,03;3,02;1,98
23022-E1-XL-K-TVPB;110;170;45;400;530;53000;4200;3000;0,23;2,9;4,31;2,83
23022-E1-XL-TVPB;110;170;45;400;530;53000;4200;3000;0,23;2,9;4,31;2,83
23022-E1A-XL-K-M;110;170;45;400;530;53000;4200;3000;0,23;2,9;4,31;2,83
23022-E1A-XL-M;110;170;45;400;530;53000;4200;3000;0,23;2,9;4,31;2,83
23122-E1-XL-K-TVPB;110;180;56;530;680;60000;3700;2550;0,28;2,39;3,56;2,34
23122-E1-XL-TVPB;110;180;56;530;680;60000;3700;2550;0,28;2,39;3,56;2,34
23122-E1A-XL-K-M;110;180;56;530;680;60000;3700;2550;0,28;2,41;3,59;2,35
23122-E1A-XL-M;110;180;56;530;680;60000;3700;2550;0,28;2,41;3,59;2,35
24122-BE-XL;110;180;69;530;750;84000;3350;1960;0,34;1,96;2,92;1,92
24122-BE-XL-K30;110;180;69;530;750;84000;3350;1960;0,34;1,96;2,92;1,92
22222-E1-XL;110;200;53;550;600;62000;4100;3000;0,25;2,71;4,04;2,65
22222-E1-XL-K;110;200;53;550;600;62000;4100;3000;0,25;2,71;4,04;2,65
23222-E1-XL-K-TVPB;110;200;69,8;710;870;71000;3250;2100;0,33;2,06;3,06;2,01
23222-E1-XL-TVPB;110;200;69,8;710;870;71000;3250;2100;0,33;2,06;3,06;2,01
23222-E1A-XL-K-M;110;200;69,8;710;870;71000;3250;2100;0,33;2,06;3,06;2,01
23222-E1A-XL-M;110;200;69,8;710;870;71000;3250;2100;0,33;2,06;3,06;2,01
21322-E1-XL-K-TVPB;110;240;50;600;640;69000;4000;2700;0,21;3,24;4,82;3,16
21322-E1-XL-TVPB;110;240;50;600;640;69000;4000;2700;0,21;3,24;4,82;3,16
22322-E1-XL;110;240;80;950;1070;90000;3000;2130;0,33;2,07;3,09;2,03
22322-E1-XL-K;110;240;80;950;1070;90000;3000;2130;0,33;2,07;3,09;2,03
23024-E1-XL-K-TVPB;120;180;46;430;580;58000;3950;2800;0,22;3,04;4,53;2,97
23024-E1-XL-TVPB;120;180;46;430;580;58000;3950;2800;0,22;3,04;4,53;2,97
23024-E1A-XL-K-M;120;180;46;430;580;58000;3950;2800;0,22;3,04;4,53;2,97
23024-E1A-XL-M;120;180;46;430;580;58000;3950;2800;0,22;3,04;4,53;2,97
24024-BE-XL;120;180;60;450;690;84000;3450;2360;0,29;2,33;3,47;2,28
24024-BE-XL-K30;120;180;60;450;690;84000;3450;2360;0,29;2,33;3,47;2,28
23124-E1-XL-K-TVPB;120;200;62;630;800;72000;3400;2290;0,28;2,39;3,56;2,34
23124-E1-XL-TVPB;120;200;62;630;800;72000;3400;2290;0,28;2,39;3,56;2,34
23124-E1A-XL-K-M;120;200;62;630;800;72000;3400;2290;0,28;2,39;3,56;2,34
23124-E1A-XL-M;120;200;62;630;800;72000;3400;2290;0,28;2,39;3,56;2,34
24124-BE-XL;120;200;80;680;950;101000;2950;1740;0,37;1,84;2,74;1,8
24124-BE-XL-K30;120;200;80;680;950;101000;2950;1740;0,37;1,84;2,74;1,8
22224-E1-XL;120;215;58;640;740;71000;3650;2700;0,25;2,71;4,04;2,65
22224-E1-XL-K;120;215;58;640;740;68000;3650;2700;0,25;2,71;4,04;2,65
23224-E1-XL-K-TVPB;120;215;76;820;1020;80000;3000;1910;0,33;2,03;3,02;1,98
23224-E1-XL-TVPB;120;215;76;820;1020;80000;3000;1910;0,33;2,03;3,02;1,98
23224-E1A-XL-K-M;120;215;76;820;1020;80000;3000;1910;0,33;2,03;3,02;1,98
23224-E1A-XL-M;120;215;76;820;1020;80000;3000;1910;0,33;2,03;3,02;1,98
22324-E1-XL;120;260;86;1080;1170;102000;2850;2000;0,33;2,06;3,06;2,01
22324-E1-XL-K;120;260;86;1080;1170;102000;2850;2000;0,33;2,06;3,06;2,01
23026-E1-XL-K-TVPB;130;200;52;540;730;69000;3600;2600;0,23;2,95;4,4;2,89
23026-E1-XL-TVPB;130;200;52;540;730;69000;3600;2600;0,23;2,95;4,4;2,89
23026-E1A-XL-K-M;130;200;52;540;730;69000;3600;2600;0,23;2,95;4,4;2,89
23026-E1A-XL-M;130;200;52;540;730;69000;3600;2600;0,23;2,95;4,4;2,89
24026-BE-XL;130;200;69;570;860;100000;3100;2130;0,31;2,21;3,29;2,16
24026-BE-XL-K30;130;200;69;570;860;100000;3100;2130;0,31;2,21;3,29;2,16
23126-E1-XL-K-TVPB;130;210;64;680;890;78000;3200;2110;0,28;2,45;3,64;2,39
23126-E1-XL-TVPB;130;210;64;680;890;78000;3200;2110;0,28;2,45;3,64;2,39
23126-E1A-XL-K-M;130;210;64;680;890;78000;3200;2110;0,28;2,45;3,64;2,39
23126-E1A-XL-M;130;210;64;680;890;78000;3200;2110;0,28;2,45;3,64;2,39
24126-BE-XL;130;210;80;710;1050;109000;2800;1560;0,34;1,98;2,94;1,93
24126-BE-XL-K30;130;210;80;710;1050;109000;2800;1560;0,34;1,98;2,94;1,93
22226-E1-XL;130;230;64;760;890;79000;3350;2500;0,26;2,62;3,9;2,56
22226-E1-XL-K;130;230;64;760;890;79000;3350;2500;0,26;2,62;3,9;2,56
23226-E1-XL-K-TVPB;130;230;80;910;1150;88000;2850;1740;0,33;2,07;3,09;2,03
23226-E1-XL-TVPB;130;230;80;910;1150;88000;2850;1740;0,33;2,07;3,09;2,03
23226-E1A-XL-K-M;130;230;80;910;1150;88000;2850;1740;0,33;2,07;3,09;2,03
23226-E1A-XL-M;130;230;80;910;1150;88000;2850;1740;0,33;2,07;3,09;2,03
22326-E1-XL;130;280;93;1250;1370;116000;2650;1820;0,33;2,06;3,06;2,01
22326-E1-XL-K;130;280;93;1250;1370;116000;2650;1820;0,33;2,06;3,06;2,01
23028-E1-XL-K-TVPB;140;210;53;570;800;75000;3450;2390;0,22;3,07;4,57;3
23028-E1-XL-TVPB;140;210;53;570;800;75000;3450;2390;0,22;3,07;4,57;3
23028-E1A-XL-K-M;140;210;53;570;800;75000;3450;2390;0,22;3,07;4,57;3
23028-E1A-XL-M;140;210;53;570;800;75000;3450;2390;0,22;3,07;4,57;3
24028-BE-XL;140;210;69;590;930;108000;2950;1950;0,28;2,37;3,53;2,32
24028-BE-XL-K30;140;210;69;590;930;108000;2950;1950;0,28;2,37;3,53;2,32
23128-E1-XL-K-TVPB;140;225;68;760;1010;87000;3000;1930;0,27;2,49;3,71;2,43
23128-E1-XL-TVPB;140;225;68;760;1010;87000;3000;1930;0,27;2,49;3,71;2,43
23128-E1A-XL-K-M;140;225;68;760;1010;87000;3000;1930;0,27;2,49;3,71;2,43
23128-E1A-XL-M;140;225;68;760;1010;87000;3000;1930;0,27;2,49;3,71;2,43
24128-BE-XL;140;225;85;800;1190;124000;2650;1430;0,34;1,99;2,96;1,94
24128-BE-XL-K30;140;225;85;800;1190;124000;2650;1430;0,34;1,99;2,96;1,94
22228-E1-XL;140;250;68;870;1040;97000;3150;2250;0,25;2,67;3,97;2,61
22228-E1-XL-K;140;250;68;870;1040;97000;3150;2250;0,25;2,67;3,97;2,61
23228-E1-XL-K-TVPB;140;250;88;1090;1400;113000;2600;1550;0,33;2,04;3,04;2
23228-E1-XL-TVPB;140;250;88;1090;1400;113000;2600;1550;0,33;2,04;3,04;2
23228-E1A-XL-K-M;140;250;88;1090;1400;113000;2600;1550;0,33;2,04;3,04;2
23228-E1A-XL-M;140;250;88;1090;1400;113000;2600;1550;0,33;2,04;3,04;2
22328-E1-XL;140;300;102;1460;1630;131000;2420;1660;0,34;2;2,98;1,96
22328-E1-XL-K;140;300;102;1460;1630;131000;2420;1660;0,34;2;2,98;1,96
23030-E1-XL-K-TVPB;150;225;56;630;880;85000;3250;2210;0,22;3,1;4,62;3,03
23030-E1-XL-TVPB;150;225;56;630;880;85000;3250;2210;0,22;3,1;4,62;3,03
23030-E1A-XL-K-M;150;225;56;630;880;85000;3250;2210;0,22;3,1;4,62;3,03
23030-E1A-XL-M;150;225;56;630;880;85000;3250;2210;0,22;3,1;4,62;3,03
24030-BE-XL;150;225;75;680;1090;122000;2750;1790;0,29;2,32;3,45;2,26
24030-BE-XL-K30;150;225;75;680;1090;122000;2750;1790;0,29;2,32;3,45;2,26
23130-E1-XL-K-TVPB;150;250;80;1000;1330;141000;2650;1720;0,29;2,32;3,45;2,26
23130-E1-XL-TVPB;150;250;80;1000;1330;141000;2650;1720;0,29;2,32;3,45;2,26
23130-E1A-XL-K-M;150;250;80;1000;1330;141000;2650;1720;0,29;2,32;3,45;2,26
23130-E1A-XL-M;150;250;80;1000;1330;141000;2650;1720;0,29;2,32;3,45;2,26
24130-BE-XL;150;250;100;1050;1520;148000;2370;1270;0,37;1,83;2,72;1,79
24130-BE-XL-K30;150;250;100;1050;1520;148000;2370;1270;0,37;1,83;2,72;1,79
22230-E1-XL;150;270;73;1010;1210;111000;2900;2050;0,25;2,69;4;2,63
22230-E1-XL-K;150;270;73;1010;1210;111000;2900;2050;0,25;2,69;4;2,63
23230-E1-XL-K-TVPB;150;270;96;1280;1660;129000;2400;1400;0,33;2,02;3;1,97
23230-E1-XL-TVPB;150;270;96;1280;1660;129000;2400;1400;0,33;2,02;3;1,97
23230-E1A-XL-K-M;150;270;96;1280;1660;129000;2400;1400;0,33;2,02;3;1,97
23230-E1A-XL-M;150;270;96;1280;1660;129000;2400;1400;0,33;2,02;3;1,97
22330-E1-XL;150;320;108;1640;1850;147000;2290;1520;0,33;2,02;3;1,97
22330-E1-XL-K;150;320;108;1640;1850;147000;2290;1520;0,33;2,02;3;1,97
23032-E1-XL-K-TVPB;160;240;60;720;1010;95000;3050;2060;0,22;3,1;4,62;3,03
23032-E1-XL-TVPB;160;240;60;720;1010;95000;3050;2060;0,22;3,1;4,62;3,03
23032-E1A-XL-K-M;160;240;60;720;1010;95000;3050;2060;0,22;3,1;4,62;3,03
23032-E1A-XL-M;160;240;60;720;1010;95000;3050;2060;0,22;3,1;4,62;3,03
24032-BE-XL;160;240;80;770;1240;137000;2550;1660;0,29;2,32;3,45;2,26
24032-BE-XL-K30;160;240;80;770;1240;137000;2550;1660;0,29;2,32;3,45;2,26
23132-E1-XL-K-TVPB;160;270;86;1160;1550;162000;2490;1560;0,29;2,32;3,45;2,26
23132-E1-XL-TVPB;160;270;86;1160;1550;162000;2490;1560;0,29;2,32;3,45;2,26
23132-E1A-XL-K-M;160;270;86;1160;1550;162000;2490;1560;0,29;2,32;3,45;2,26
23132-E1A-XL-M;160;270;86;1160;1550;162000;2490;1560;0,29;2,32;3,45;2,26
24132-BE-XL;160;270;109;1220;1800;168000;2180;1140;0,37;1,8;2,69;1,76
24132-BE-XL-K30;160;270;109;1220;1800;168000;2180;1140;0,37;1,8;2,69;1,76
22232-E1-XL;160;290;80;1150;1400;125000;2650;1900;0,26;2,64;3,93;2,58
22232-E1-XL-K;160;290;80;1150;1400;125000;2650;1900;0,26;2,64;3,93;2,58
23232-E1-XL-K-TVPB;160;290;104;1460;1910;146000;2210;1280;0,34;2;2,98;1,96
23232-E1-XL-TVPB;160;290;104;1460;1910;146000;2210;1280;0,34;2;2,98;1,96
23232-E1A-XL-K-M;160;290;104;1460;1910;146000;2210;1280;0,34;2;2,98;1,96
23232-E1A-XL-M;160;290;104;1460;1910;146000;2210;1280;0,34;2;2,98;1,96
22332-BE-XL;160;340;114;1680;1990;157000;2250;1420;0,35;1,94;2,88;1,89
22332-BE-XL-K;160;340;114;1680;1990;157000;2250;1420;0,35;1,94;2,88;1,89
23034-E1-XL-K-TVPB;170;260;67;880;1230;148000;2800;1890;0,23;2,98;4,44;2,92
23034-E1-XL-TVPB;170;260;67;880;1230;148000;2800;1890;0,23;2,98;4,44;2,92
23034-E1A-XL-K-M;170;260;67;880;1230;148000;2800;1890;0,23;2,98;4,44;2,92
23034-E1A-XL-M;170;260;67;880;1230;148000;2800;1890;0,23;2,98;4,44;2,92
24034-BE-XL;170;260;90;940;1480;158000;2380;1540;0,31;2,2;3,27;2,15
24034-BE-XL-K30;170;260;90;940;1480;158000;2380;1540;0,31;2,2;3,27;2,15
23134-E1-XL-K-TVPB;170;280;88;1220;1690;173000;2380;1460;0,28;2,37;3,53;2,32
23134-E1-XL-TVPB;170;280;88;1220;1690;173000;2380;1460;0,28;2,37;3,53;2,32
23134-E1A-XL-K-M;170;280;88;1220;1690;173000;2380;1460;0,28;2,37;3,53;2,32
23134-E1A-XL-M;170;280;88;1220;1690;173000;2380;1460;0,28;2,37;3,53;2,32
24134-BE-XL;170;280;109;1260;1900;179000;2110;1060;0,36;1,9;2,83;1,86
24134-BE-XL-K30;170;280;109;1260;1900;179000;2110;1060;0,36;1,9;2,83;1,86
22234-E1-XL;170;310;86;1320;1570;140000;2550;1780;0,26;2,6;3,87;2,54
22234-E1-XL-K;170;310;86;1320;1570;140000;2550;1780;0,26;2,6;3,87;2,54
23234-E1-XL-K-TVPB;170;310;110;1640;2170;163000;2090;1160;0,33;2,03;3,02;1,98
23234-E1-XL-TVPB;170;310;110;1640;2170;163000;2090;1160;0,33;2,03;3,02;1,98
23234-E1A-XL-K-M;170;310;110;1640;2170;163000;2090;1160;0,33;2,03;3,02;1,98
23234-E1A-XL-M;170;310;110;1640;2170;163000;2090;1160;0,33;2,03;3,02;1,98
22334-BE-XL;170;360;120;1870;2220;173000;2130;1320;0,35;1,95;2,9;1,91
22334-BE-XL-K;170;360;120;1870;2220;173000;2130;1320;0,35;1,95;2,9;1,91
23936-S-K-MB;180;250;52;445;840;57000;3200;1850;0,2;3,42;5,09;3,34
23936-S-MB;180;250;52;445;840;57000;3200;1850;0,2;3,42;5,09;3,34
23036-E1-XL-K-TVPB;180;280;74;1040;1450;169000;2600;1760;0,23;2,9;4,31;2,83
23036-E1-XL-TVPB;180;280;74;1040;1450;169000;2600;1760;0,23;2,9;4,31;2,83
23036-E1A-XL-K-M;180;280;74;1040;1450;169000;2600;1760;0,23;2,9;4,31;2,83
23036-E1A-XL-M;180;280;74;1040;1450;169000;2600;1760;0,23;2,9;4,31;2,83
24036-BE-XL;180;280;100;1130;1770;180000;2200;1420;0,32;2,1;3,13;2,06
24036-BE-XL-K30;180;280;100;1130;1770;180000;2200;1420;0,32;2,1;3,13;2,06
23136-E1-XL-K-TVPB;180;300;96;1420;1950;194000;2230;1350;0,29;2,32;3,45;2,26
23136-E1-XL-TVPB;180;300;96;1420;1950;194000;2230;1350;0,29;2,32;3,45;2,26
23136-E1A-XL-K-M;180;300;96;1420;1950;194000;2230;1350;0,29;2,32;3,45;2,26
23136-E1A-XL-M;180;300;96;1420;1950;194000;2230;1350;0,29;2,32;3,45;2,26
24136-BE-XL;180;300;118;1460;2170;203000;2000;980;0,36;1,86;2,77;1,82
24136-BE-XL-K30;180;300;118;1460;2170;203000;2000;980;0,36;1,86;2,77;1,82
22236-E1-XL;180;320;86;1360;1680;148000;2470;1670;0,25;2,71;4,04;2,65
22236-E1-XL-K;180;320;86;1360;1680;148000;2470;1670;0,25;2,71;4,04;2,65
23236-E1-XL-K-TVPB;180;320;112;1720;2340;173000;2010;1090;0,33;2,07;3,09;2,03
23236-E1-XL-TVPB;180;320;112;1720;2340;173000;2010;1090;0,33;2,07;3,09;2,03
23236-E1A-XL-K-M;180;320;112;1720;2340;173000;2010;1090;0,33;2,07;3,09;2,03
23236-E1A-XL-M;180;320;112;1720;2340;173000;2010;1090;0,33;2,07;3,09;2,03
22336-BE-XL;180;380;126;2060;2460;190000;2030;1230;0,34;1,96;2,92;1,92
22336-BE-XL-K;180;380;126;2060;2460;190000;2030;1230;0,34;1,96;2,92;1,92
23938-S-K-MB;190;260;52;470;890;62000;3150;1750;0,18;3,66;5,46;3,58
23938-S-MB;190;260;52;470;890;62000;3150;1750;0,18;3,66;5,46;3,58
23038-E1-XL-K-TVPB;190;290;75;1080;1550;179000;2490;1660;0,23;2,98;4,44;2,92
23038-E1-XL-TVPB;190;290;75;1080;1550;179000;2490;1660;0,23;2,98;4,44;2,92
23038-E1A-XL-K-M;190;290;75;1080;1550;179000;2490;1660;0,23;2,98;4,44;2,92
23038-E1A-XL-M;190;290;75;1080;1550;179000;2490;1660;0,23;2,98;4,44;2,92
24038-BE-XL;190;290;100;1160;1860;192000;2140;1330;0,31;2,2;3,27;2,15
24038-BE-XL-K30;190;290;100;1160;1860;192000;2140;1330;0,31;2,2;3,27;2,15
23138-E1-XL-K-TVPB;190;320;104;1610;2220;216000;2070;1260;0,3;2,28;3,39;2,23
23138-E1-XL-TVPB;190;320;104;1610;2220;216000;2070;1260;0,3;2,28;3,39;2,23
23138-E1A-XL-K-M;190;320;104;1610;2220;216000;2070;1260;0,3;2,28;3,39;2,23
23138-E1A-XL-M;190;320;104;1610;2220;216000;2070;1260;0,3;2,28;3,39;2,23
24138-BE-XL;190;320;128;1680;2550;226000;1850;880;0,37;1,82;2,7;1,78
24138-BE-XL-K30;190;320;128;1680;2550;226000;1850;880;0,37;1,82;2,7;1,78
22238-BE-XL;190;340;92;1360;1760;159000;2480;1620;0,26;2,6;3,87;2,54
22238-BE-XL-K;190;340;92;1360;1760;159000;2480;1620;0,26;2,6;3,87;2,54
23238-BE-XL;190;340;120;1740;2400;200000;1990;1070;0,34;1,98;2,94;1,93
23238-BE-XL-K;190;340;120;1740;2400;200000;1990;1070;0,34;1,98;2,94;1,93
22338-BE-XL;190;400;132;2220;2650;207000;1940;1160;0,34;1,96;2,92;1,92
22338-BE-XL-K;190;400;132;2220;2650;207000;1940;1160;0,34;1,96;2,92;1,92
23940-S-K-MB;200;280;60;550;1070;71000;2800;1650;0,2;3,42;5,09;3,34
23940-S-MB;200;280;60;550;1070;71000;2800;1650;0,2;3,42;5,09;3,34
23040-E1-XL-K-TVPB;200;310;82;1270;1800;202000;2330;1550;0,23;2,9;4,31;2,83
23040-E1-XL-TVPB;200;310;82;1270;1800;202000;2330;1550;0,23;2,9;4,31;2,83
23040-E1A-XL-K-M;200;310;82;1270;1800;202000;2330;1550;0,23;2,9;4,31;2,83
23040-E1A-XL-M;200;310;82;1270;1800;202000;2330;1550;0,23;2,9;4,31;2,83
24040-BE-XL;200;310;109;1350;2150;215000;2010;1240;0,32;2,13;3,17;2,08
24040-BE-XL-K30;200;310;109;1350;2150;215000;2010;1240;0,32;2,13;3,17;2,08
23140-BE-XL;200;340;112;1610;2270;188000;2040;1230;0,32;2,1;3,13;2,06
23140-BE-XL-K;200;340;112;1610;2270;188000;2040;1230;0,32;2,1;3,13;2,06
24140-BE-XL;200;340;140;1880;2800;250000;1780;840;0,39;1,71;2,54;1,67
24140-BE-XL-K30;200;340;140;1880;2800;250000;1780;840;0,39;1,71;2,54;1,67
22240-BE-XL;200;360;98;1520;1990;175000;2330;1510;0,26;2,57;3,83;2,52
22240-BE-XL-K;200;360;98;1520;1990;175000;2330;1510;0,26;2,57;3,83;2,52
23240-BE-XL;200;360;128;1940;2700;219000;1870;1000;0,35;1,95;2,9;1,91
23240-BE-XL-K;200;360;128;1940;2700;219000;1870;1000;0,35;1,95;2,9;1,91
22340-BE-XL;200;420;138;2440;2950;225000;1830;1080;0,34;1,98;2,94;1,93
22340-BE-XL-K;200;420;138;2440;2950;225000;1830;1080;0,34;1,98;2,94;1,93
23944-S-K-MB;220;300;60;610;1240;72000;2600;1460;0,18;3,76;5,59;3,67
23944-S-MB;220;300;60;610;1240;72000;2600;1460;0,18;3,76;5,59;3,67
23044-BE-XL;220;340;90;1260;1900;177000;2230;1450;0,24;2,81;4,19;2,75
23044-BE-XL-K;220;340;90;1260;1900;177000;2230;1450;0,24;2,81;4,19;2,75
24044-BE-XL;220;340;118;1620;2600;250000;1830;1090;0,32;2,1;3,13;2,06
24044-BE-XL-K30;220;340;118;1620;2600;250000;1830;1090;0,32;2,1;3,13;2,06
23144-BE-XL;220;370;120;1860;2700;217000;1860;1080;0,31;2,15;3,2;2,1
23144-BE-XL-K;220;370;120;1860;2700;217000;1860;1080;0,31;2,15;3,2;2,1
24144-BE-XL;220;370;150;2190;3250;290000;1650;750;0,39;1,74;2,59;1,7
24144-BE-XL-K30;220;370;150;2190;3250;290000;1650;750;0,39;1,74;2,59;1,7
22244-BE-XL;220;400;108;1840;2360;210000;2140;1350;0,26;2,57;3,83;2,52
22244-BE-XL-K;220;400;108;1840;2360;210000;2140;1350;0,26;2,57;3,83;2,52
23244-BE-XL;220;400;144;2380;3300;265000;1700;880;0,36;1,9;2,83;1,86
23244-BE-XL-K;220;400;144;2380;3300;265000;1700;880;0,36;1,9;2,83;1,86
22344-BE-XL;220;460;145;2800;3400;265000;1690;950;0,33;2,06;3,06;2,01
22344-BE-XL-K;220;460;145;2800;3400;265000;1690;950;0,33;2,06;3,06;2,01
23948-K-MB;240;320;60;640;1370;93000;2440;1310;0,17;4,05;6,04;3,96
23948-MB;240;320;60;640;1370;93000;2440;1310;0,17;4,05;6,04;3,96
23048-BE-XL;240;360;92;1350;2120;194000;2080;1310;0,23;2,98;4,44;2,92
24048-BE-XL;240;360;118;1670;2850;275000;1710;980;0,3;2,28;3,39;2,23
23148-BE-XL;240;400;128;2130;3150;248000;1700;970;0,31;2,18;3,24;2,13
24148-BE-XL;240;400;160;2600;3900;330000;1470;650;0,39;1,71;2,54;1,67
22248-BE-XL;240;440;120;2230;2900;247000;1900;1200;0,26;2,55;3,8;2,5
23248-BE-XL;240;440;160;2850;4000;310000;1500;770;0,36;1,87;2,79;1,83
22348-BEA-XL-MB1;240;500;155;3200;4050;305000;1510;830;0,32;2,12;3,15;2,07
23952-K-MB;260;360;75;940;1940;108000;2100;1190;0,19;3,54;5,27;3,46
23952-MB;260;360;75;940;1940;108000;2100;1190;0,19;3,54;5,27;3,46
23052-BE-XL;260;400;104;1670;2600;233000;1850;1170;0,23;2,9;4,31;2,83
23052-BE-XL-K;260;400;104;1670;2600;233000;1850;1170;0,23;2,9;4,31;2,83
24052-BE-XL;260;400;140;2210;3650;335000;1510;880;0,32;2,09;3,11;2,04
24052-BE-XL-K30;260;400;140;2210;3650;335000;1510;880;0,32;2,09;3,11;2,04
23152-BE-XL;260;440;144;2600;3900;305000;1500;860;0,32;2,12;3,15;2,07
23152-BE-XL-K;260;440;144;2600;3900;305000;1500;860;0,32;2,12;3,15;2,07
24152-BE-XL;260;440;180;3150;4900;390000;1290;560;0,4;1,67;2,49;1,63
24152-BE-XL-K30;260;440;180;3150;4900;390000;1290;560;0,4;1,67;2,49;1,63
22252-BEA-XL-K-MB1;260;480;130;2600;3450;290000;1720;1070;0,26;2,57;3,83;2,52
22252-BEA-XL-MB1;260;480;130;2600;3450;290000;1720;1070;0,26;2,57;3,83;2,52
23252-BEA-XL-K-MB1;260;480;174;3350;4750;360000;1360;690;0,36;1,87;2,79;1,83
23252-BEA-XL-MB1;260;480;174;3350;4750;360000;1360;690;0,36;1,87;2,79;1,83
22352-BEA-XL-K-MB1;260;540;165;3650;4650;350000;1390;740;0,31;2,15;3,2;2,1
22352-BEA-XL-MB1;260;540;165;3650;4650;350000;1390;740;0,31;2,15;3,2;2,1
23956-K-MB;280;380;75;970;2040;129000;2000;1100;0,18;3,76;5,59;3,67
23956-MB;280;380;75;970;2040;129000;2000;1100;0,18;3,76;5,59;3,67
23056-BE-XL;280;420;106;1780;2850;255000;1740;1090;0,22;3,01;4,48;2,94
23056-BE-XL-K;280;420;106;1780;2850;255000;1740;1090;0,22;3,01;4,48;2,94
24056-BE-XL;280;420;140;2290;3950;360000;1420;800;0,3;2,23;3,32;2,18
24056-BE-XL-K30;280;420;140;2290;3950;360000;1420;800;0,3;2,23;3,32;2,18
23156-BE-XL;280;460;146;2750;4200;315000;1420;790;0,31;2,21;3,29;2,16
23156-BE-XL-K;280;460;146;2750;4200;315000;1420;790;0,31;2,21;3,29;2,16
24156-BE-XL;280;460;180;3300;5200;425000;1230;520;0,38;1,76;2,62;1,72
24156-BE-XL-K30;280;460;180;3300;5200;425000;1230;520;0,38;1,76;2,62;1,72
22256-BEA-XL-K-MB1;280;500;130;2750;3700;310000;1650;990;0,25;2,71;4,04;2,65
22256-BEA-XL-MB1;280;500;130;2750;3700;310000;1650;990;0,25;2,71;4,04;2,65
23256-BEA-XL-K-MB1;280;500;176;3550;5200;385000;1280;630;0,34;1,96;2,92;1,92
23256-BEA-XL-MB1;280;500;176;3550;5200;385000;1280;630;0,34;1,96;2,92;1,92
22356-BEA-XL-K-MB1;280;580;175;4150;5300;395000;1280;670;0,31;2,18;3,24;2,13
22356-BEA-XL-MB1;280;580;175;4150;5300;395000;1280;670;0,31;2,18;3,24;2,13
23960-B-K-MB;300;420;90;1270;2650;165000;1780;1000;0,2;3,42;5,09;3,34
23960-B-MB;300;420;90;1270;2650;165000;1780;1000;0,2;3,42;5,09;3,34
23060-BE-XL;300;460;118;2160;3450;295000;1570;980;0,23;2,92;4,35;2,86
23060-BE-XL-K;300;460;118;2160;3450;295000;1570;980;0,23;2,92;4,35;2,86
24060-BE-XL;300;460;160;2850;4900;425000;1250;720;0,32;2,12;3,15;2,07
24060-BE-XL-K30;300;460;160;2850;4900;425000;1250;720;0,32;2,12;3,15;2,07
23160-BEA-XL-K-MB1;300;500;160;3250;4950;365000;1300;720;0,31;2,18;3,24;2,13
23160-BEA-XL-MB1;300;500;160;3250;4950;365000;1300;720;0,31;2,18;3,24;2,13
24160-BE-XL;300;500;200;3950;6400;485000;1100;450;0,39;1,72;2,56;1,68
24160-BE-XL-K30;300;500;200;3950;6400;485000;1100;450;0,39;1,72;2,56;1,68
22260-BEA-XL-K-MB1;300;540;140;3100;4250;355000;1500;900;0,25;2,71;4,04;2,65
22260-BEA-XL-MB1;300;540;140;3100;4250;355000;1500;900;0,25;2,71;4,04;2,65
23260-BEA-XL-K-MB1;300;540;192;4100;6100;440000;1160;560;0,35;1,92;2,86;1,88
23260-BEA-XL-MB1;300;540;192;4100;6100;440000;1160;560;0,35;1,92;2,86;1,88
23964-K-MB;320;440;90;1310;2750;201000;1700;930;0,19;3,62;5,39;3,54
23964-MB;320;440;90;1310;2750;201000;1700;930;0,19;3,62;5,39;3,54
23064-BEA-XL-K-MB1;320;480;121;2300;3750;320000;1480;920;0,22;3,01;4,48;2,94
23064-BEA-XL-MB1;320;480;121;2300;3750;320000;1480;920;0,22;3,01;4,48;2,94
24064-BEA-XL-K30-MB1;320;480;160;2950;5200;455000;1200;670;0,3;2,23;3,32;2,18
24064-BEA-XL-MB1;320;480;160;2950;5200;455000;1200;670;0,3;2,23;3,32;2,18
23164-BEA-XL-K-MB1;320;540;176;3800;5900;415000;1170;650;0,32;2,13;3,17;2,08
23164-BEA-XL-MB1;320;540;176;3800;5900;415000;1170;650;0,32;2,13;3,17;2,08
24164-BE-XL;320;540;218;4600;7300;560000;1010;415;0,4;1,69;2,52;1,65
24164-BE-XL-K30;320;540;218;4600;7300;560000;1010;415;0,4;1,69;2,52;1,65
22264-BEA-XL-K-MB1;320;580;150;3550;4700;395000;1410;830;0,25;2,71;4,04;2,65
22264-BEA-XL-MB1;320;580;150;3550;4700;395000;1410;830;0,25;2,71;4,04;2,65
23264-BEA-XL-K-MB1;320;580;208;4650;7000;495000;1060;510;0,35;1,91;2,85;1,87
23264-BEA-XL-MB1;320;580;208;4650;7000;495000;1060;510;0,35;1,91;2,85;1,87
23968-K-MB;340;460;90;1370;3000;198000;1610;860;0,18;3,85;5,73;3,76
23968-MB;340;460;90;1370;3000;198000;1610;860;0,18;3,85;5,73;3,76
23068-BEA-XL-K-MB1;340;520;133;2700;4400;365000;1360;840;0,23;2,92;4,35;2,86
23068-BEA-XL-MB1;340;520;133;2700;4400;365000;1360;840;0,23;2,92;4,35;2,86
24068-BEA-XL-K30-MB1;340;520;180;3550;6200;520000;1080;610;0,32;2,12;3,15;2,07
24068-BEA-XL-MB1;340;520;180;3550;6200;520000;1080;610;0,32;2,12;3,15;2,07
23168-BEA-XL-K-MB1;340;580;190;4350;6600;465000;1090;600;0,32;2,1;3,13;2,06
23168-BEA-XL-MB1;340;580;190;4350;6600;465000;1090;600;0,32;2,1;3,13;2,06
24168-BE-XL;340;580;243;5400;8800;620000;900;370;0,42;1,62;2,42;1,59
24168-BE-XL-K30;340;580;243;5400;8800;620000;900;370;0,42;1,62;2,42;1,59
22268-BEA-XL-K-MB1;340;620;165;4100;5600;445000;1280;770;0,26;2,62;3,9;2,56
22268-BEA-XL-MB1;340;620;165;4100;5600;445000;1280;770;0,26;2,62;3,9;2,56
23268-BEA-XL-K-MB1;340;620;224;5300;7900;570000;1000;475;0,36;1,85;2,76;1,81
23268-BEA-XL-MB1;340;620;224;5300;7900;570000;1000;475;0,36;1,85;2,76;1,81
23972-K-MB;360;480;90;1440;3200;210000;1540;800;0,17;4,05;6,04;3,96
23972-MB;360;480;90;1440;3200;210000;1540;800;0,17;4,05;6,04;3,96
23072-BEA-XL-MB1;360;540;134;2800;4650;390000;1300;790;0,22;3,04;4,53;2,97
24072-BEA-XL-MB1;360;540;180;3650;6600;550000;1040;570;0,3;2,23;3,32;2,18
23172-BEA-XL-MB1;360;600;192;4550;7100;495000;1040;560;0,31;2,18;3,24;2,13
24172-BE-XL;360;600;243;5600;9100;660000;890;350;0,4;1,69;2,52;1,65
24172-BE-XL-K30;360;600;243;5600;9100;660000;890;350;0,4;1,69;2,52;1,65
22272-BEA-XL-K-MB1;360;650;170;4450;6200;485000;1190;710;0,25;2,69;4;2,63
22272-BEA-XL-MB1;360;650;170;4450;6200;485000;1190;710;0,25;2,69;4;2,63
23272-BEA-XL-MB1;360;650;232;5700;8900;610000;930;430;0,36;1,9;2,83;1,86
23976-K-MB;380;520;106;1780;4000;265000;1340;750;0,19;3,58;5,33;3,5
23976-MB;380;520;106;1780;4000;265000;1340;750;0,19;3,58;5,33;3,5
23076-BEA-XL-MB1;380;560;135;2900;5000;410000;1230;740;0,21;3,17;4,72;3,1
24076-BEA-XL-MB1;380;560;180;3750;7000;590000;990;530;0,29;2,33;3,47;2,28
23176-BEA-XL-MB1;380;620;194;4700;7600;530000;990;530;0,3;2,25;3,34;2,2
24176-BE-XL;380;620;243;5800;9700;710000;850;325;0,38;1,76;2,62;1,72
24176-BE-XL-K30;380;620;243;5800;9700;710000;850;325;0,38;1,76;2,62;1,72
23276-BEA-XL-MB1;380;680;240;6200;9600;660000;890;400;0,35;1,92;2,86;1,88
23980-B-K-MB;400;540;106;1830;4150;270000;1290;710;0,18;3,71;5,52;3,63
23980-B-MB;400;540;106;1830;4150;270000;1290;710;0,18;3,71;5,52;3,63
23080-BEA-XL-MB1;400;600;148;3400;5700;465000;1150;690;0,22;3,07;4,57;3
24080-BEA-XL-MB1;400;600;200;4500;8100;660000;920;495;0,3;2,23;3,32;2,18
23180-BEA-XL-MB1;400;650;200;5000;8100;570000;950;495;0,29;2,3;3,42;2,25
24180-BE-XL;400;650;250;6200;10600;760000;800;300;0,37;1,82;2,7;1,78
24180-BE-XL-K30;400;650;250;6200;10600;760000;800;300;0,37;1,82;2,7;1,78
23280-BEA-XL-MB1;400;720;256;7000;10900;730000;820;370;0,36;1,9;2,83;1,86
23984-K-MB;420;560;106;1910;4450;300000;1230;660;0,18;3,85;5,73;3,76
23984-MB;420;560;106;1910;4450;300000;1230;660;0,18;3,85;5,73;3,76
23084-BEA-XL-K-MB1;420;620;150;3650;6300;510000;1090;650;0,21;3,17;4,72;3,1
23084-BEA-XL-MB1;420;620;150;3650;6300;510000;1090;650;0,21;3,17;4,72;3,1
24084-BEA-XL-K30-MB1;420;620;200;4600;8500;710000;890;465;0,29;2,32;3,45;2,26
24084-BEA-XL-MB1;420;620;200;4600;8500;710000;890;465;0,29;2,32;3,45;2,26
23184-BEA-XL-K-MB1;420;700;224;6000;9600;650000;860;455;0,31;2,18;3,24;2,13
23184-BEA-XL-MB1;420;700;224;6000;9600;650000;860;455;0,31;2,18;3,24;2,13
24184-BE-XL;420;700;280;7400;12600;860000;720;270;0,39;1,72;2,56;1,68
24184-BE-XL-K30;420;700;280;7400;12600;860000;720;270;0,39;1,72;2,56;1,68
23284-BEA-XL-K-MB1;420;760;272;7800;12300;800000;770;340;0,36;1,89;2,81;1,84
23284-BEA-XL-MB1;420;760;272;7800;12300;800000;770;340;0,36;1,89;2,81;1,84
23988-K-MB;440;600;118;2230;5200;295000;1130;620;0,18;3,66;5,46;3,58
23988-MB;440;600;118;2230;5200;295000;1130;620;0,18;3,66;5,46;3,58
23088-BEA-XL-K-MB1;440;650;157;3950;6900;550000;1030;610;0,21;3,17;4,72;3,1
23088-BEA-XL-MB1;440;650;157;3950;6900;550000;1030;610;0,21;3,17;4,72;3,1
24088-BEA-XL-K30-MB1;440;650;212;5100;9500;760000;830;435;0,29;2,3;3,42;2,25
24088-BEA-XL-MB1;440;650;212;5100;9500;760000;830;435;0,29;2,3;3,42;2,25
23188-BEA-XL-K-MB1;440;720;226;6200;10200;680000;820;430;0,3;2,25;3,34;2,2
23188-BEA-XL-MB1;440;720;226;6200;10200;680000;820;430;0,3;2,25;3,34;2,2
24188-BE-XL;440;720;280;7600;12900;910000;710;260;0,38;1,78;2,65;1,74
24188-BE-XL-K30;440;720;280;7600;12900;910000;710;260;0,38;1,78;2,65;1,74
23288-BEA-XL-K-MB1;440;790;280;8300;13200;860000;730;320;0,35;1,91;2,85;1,87
23288-BEA-XL-MB1;440;790;280;8300;13200;860000;730;320;0,35;1,91;2,85;1,87
24892-B-MB;460;580;118;1940;5100;330000;1020;325;0,18;3,76;5,59;3,67
23992-B-K-MB;460;620;118;2270;5400;370000;1080;590;0,18;3,85;5,73;3,76
23992-B-MB;460;620;118;2270;5400;370000;1080;590;0,18;3,85;5,73;3,76
23092-BEA-XL-K-MB1;460;680;163;4300;7500;590000;980;580;0,21;3,17;4,72;3,1
23092-BEA-XL-MB1;460;680;163;4300;7500;590000;980;580;0,21;3,17;4,72;3,1
24092-BEA-XL-K30-MB1;460;680;218;5500;10200;820000;800;410;0,29;2,33;3,47;2,28
24092-BEA-XL-MB1;460;680;218;5500;10200;820000;800;410;0,29;2,33;3,47;2,28
23192-BEA-XL-K-MB1;460;760;240;6900;11500;740000;770;395;0,31;2,21;3,29;2,16
23192-BEA-XL-MB1;460;760;240;6900;11500;740000;770;395;0,31;2,21;3,29;2,16
24192-BEA-XL-K30-MB1;460;760;300;8500;14500;1000000;660;241;0,38;1,76;2,62;1,72
24192-BEA-XL-MB1;460;760;300;8500;14500;1000000;660;241;0,38;1,76;2,62;1,72
23292-BEA-XL-K-MB1;460;830;296;9200;14700;930000;690;295;0,36;1,9;2,83;1,86
23292-BEA-XL-MB1;460;830;296;9200;14700;930000;690;295;0,36;1,9;2,83;1,86
24896-MB;480;600;118;2000;5400;360000;980;305;0,17;3,9;5,81;3,81
23996-B-K-MB;480;650;128;2550;6000;460000;1040;570;0,18;3,76;5,59;3,67
23996-B-MB;480;650;128;2550;6000;460000;1040;570;0,18;3,76;5,59;3,67
23096-BEA-XL-K-MB1;480;700;165;4450;8000;620000;950;550;0,21;3,27;4,87;3,2
23096-BEA-XL-MB1;480;700;165;4450;8000;620000;950;550;0,21;3,27;4,87;3,2
24096-BEA-XL-K30-MB1;480;700;218;5600;10700;860000;770;385;0,28;2,43;3,61;2,37
24096-BEA-XL-MB1;480;700;218;5600;10700;860000;770;385;0,28;2,43;3,61;2,37
23196-BEA-XL-K-MB1;480;790;248;7400;12400;790000;740;375;0,3;2,23;3,32;2,18
23196-BEA-XL-MB1;480;790;248;7400;12400;790000;740;375;0,3;2,23;3,32;2,18
24196-BEA-XL-K30-MB1;480;790;308;9000;15500;1070000;640;227;0,38;1,79;2,67;1,75
24196-BEA-XL-MB1;480;790;308;9000;15500;1070000;640;227;0,38;1,79;2,67;1,75
23296-BEA-XL-K-MB1;480;870;310;10000;16200;1010000;650;275;0,36;1,9;2,83;1,86
23296-BEA-XL-MB1;480;870;310;10000;16200;1010000;650;275;0,36;1,9;2,83;1,86
248/500-B-MB;500;620;118;2070;5700;265000;930;290;0,17;4;5,96;3,91
239/500-K-MB;500;670;128;2600;6300;400000;990;540;0,17;3,9;5,81;3,81
239/500-MB;500;670;128;2600;6300;400000;990;540;0,17;3,9;5,81;3,81
230/500-BEA-XL-K-MB1;500;720;167;4700;8700;750000;890;510;0,21;3,24;4,82;3,16
230/500-BEA-XL-MB1;500;720;167;4700;8700;750000;890;510;0,21;3,24;4,82;3,16
240/500-BEA-XL-K30-MB1;500;720;218;5700;11100;900000;750;370;0,27;2,51;3,74;2,45
240/500-BEA-XL-MB1;500;720;218;5700;11100;900000;750;370;0,27;2,51;3,74;2,45
231/500-BEA-XL-K-MB1;500;830;264;8300;13900;860000;690;350;0,31;2,2;3,27;2,15
231/500-BEA-XL-MB1;500;830;264;8300;13900;860000;690;350;0,31;2,2;3,27;2,15
241/500-BEA-XL-K30-MB1;500;830;325;10000;17300;1160000;600;209;0,38;1,78;2,65;1,74
241/500-BEA-XL-MB1;500;830;325;10000;17300;1160000;600;209;0,38;1,78;2,65;1,74
232/500-BEA-XL-K-MB1;500;920;336;11300;18000;1110000;610;260;0,37;1,83;2,72;1,79
232/500-BEA-XL-MB1;500;920;336;11300;18000;1110000;610;260;0,37;1,83;2,72;1,79
248/530-B-MB;530;650;118;2240;6400;370000;880;260;0,16;4,22;6,29;4,13
239/530-MB;530;710;136;2850;6900;385000;930;500;0,18;3,85;5,73;3,76
230/530-BEA-XL-MB1;530;780;185;5600;10100;860000;820;475;0,22;3,1;4,62;3,03
240/530-BEA-XL-K30-MB1;530;780;250;7000;13500;1040000;670;335;0,29;2,33;3,47;2,28
240/530-BEA-XL-MB1;530;780;250;7000;13500;1040000;670;335;0,29;2,33;3,47;2,28
231/530-BEA-XL-MB1;530;870;272;8900;15000;940000;660;325;0,3;2,25;3,34;2,2
241/530-BEA-XL-MB1;530;870;335;10700;19100;1260000;560;190;0,37;1,83;2,72;1,79
232/530-K-MB;530;980;355;10900;20900;1190000;570;230;0,38;1,77;2,64;1,73
232/530-MB;530;980;355;10900;20900;1190000;570;230;0,38;1,77;2,64;1,73
248/560-B-MB;560;680;118;2210;6300;390000;840;250;0,15;4,47;6,65;4,37
239/560-B-MB;560;750;140;3100;7600;520000;880;465;0,17;3,95;5,88;3,86
230/560-BEA-XL-MB1;560;820;195;6100;11200;930000;760;440;0,22;3,1;4,62;3,03
240/560-BEA-XL-K30-MB1;560;820;258;7500;14600;1120000;630;315;0,28;2,39;3,56;2,34
240/560-BEA-XL-MB1;560;820;258;7500;14600;1120000;630;315;0,28;2,39;3,56;2,34
231/560-BEA-XL-MB1;560;920;280;9700;16400;1030000;630;300;0,29;2,32;3,45;2,26
241/560-BEA-XL-MB1;560;920;355;12000;21000;1410000;530;177;0,37;1,83;2,72;1,79
232/560-K-MB;560;1030;365;11700;22600;910000;540;215;0,38;1,78;2,65;1,74
232/560-MB;560;1030;365;11700;22600;910000;540;215;0,38;1,78;2,65;1,74
238/600-K-MB;600;730;98;1960;5300;350000;980;435;0,12;5,78;8,61;5,65
238/600-MB;600;730;98;1960;5300;350000;980;435;0,12;5,78;8,61;5,65
248/600-B-MB;600;730;128;2550;7300;440000;780;228;0,15;4,4;6,56;4,31
239/600-B-MB;600;800;150;3450;8600;630000;810;430;0,17;3,95;5,88;3,86
230/600-BEA-XL-MB1;600;870;200;6600;12300;1020000;710;405;0,21;3,24;4,82;3,16
240/600-BEA-XL-K30-MB1;600;870;272;8300;16600;1240000;580;285;0,28;2,41;3,59;2,35
240/600-BEA-XL-MB1;600;870;272;8300;16600;1240000;580;285;0,28;2,41;3,59;2,35
231/600-MB;600;980;300;9000;19200;810000;560;270;0,31;2,2;3,27;2,15
241/600-B-MB;600;980;375;11600;26000;1780000;480;149;0,38;1,79;2,67;1,75
232/600-B-K-MB;600;1090;388;13000;25500;1720000;495;196;0,37;1,83;2,72;1,79
232/600-B-MB;600;1090;388;13000;25500;1720000;495;196;0,37;1,83;2,72;1,79
238/630-XL-K-MA1;630;780;112;2650;6400;580000;860;410;0,12;5,51;8,21;5,39
238/630-XL-MA1;630;780;112;2650;6400;580000;860;410;0,12;5,51;8,21;5,39
248/630-MB;630;780;150;3200;9000;560000;700;209;0,17;3,95;5,88;3,86
239/630-B-MB;630;850;165;4100;9900;710000;740;405;0,18;3,8;5,66;3,72
230/630-BEA-XL-MB1;630;920;212;7400;13700;1120000;670;380;0,21;3,24;4,82;3,16
240/630-BEA-XL-MB1;630;920;290;9400;18600;1370000;550;265;0,28;2,39;3,56;2,34
231/630-B-K-MB;630;1030;315;9800;20700;1420000;530;255;0,31;2,21;3,29;2,16
231/630-B-MB;630;1030;315;9800;20700;1420000;530;255;0,31;2,21;3,29;2,16
241/630-B-MB;630;1030;400;13100;29500;1990000;440;136;0,38;1,78;2,65;1,74
232/630-B-K-MB;630;1150;412;14400;28500;1350000;465;181;0,37;1,8;2,69;1,76
232/630-B-MB;630;1150;412;14400;28500;1350000;465;181;0,37;1,8;2,69;1,76
238/670-B-K-MB;670;820;112;2380;6900;445000;810;380;0,12;5,72;8,51;5,59
238/670-B-MB;670;820;112;2380;6900;445000;810;380;0,12;5,72;8,51;5,59
248/670-B-MB;670;820;150;3350;9700;590000;670;191;0,16;4,22;6,29;4,13
239/670-B-K-MB;670;900;170;4300;10600;750000;710;375;0,17;3,95;5,88;3,86
239/670-B-MB;670;900;170;4300;10600;750000;710;375;0,17;3,95;5,88;3,86
249/670-B-K30-MB;670;900;230;5900;14900;940000;580;174;0,24;2,81;4,19;2,75
249/670-B-MB;670;900;230;5900;14900;940000;580;174;0,24;2,81;4,19;2,75
230/670-B-K-MB;670;980;230;7200;15800;1100000;630;350;0,22;3,01;4,48;2,94
230/670-B-MB;670;980;230;7200;15800;1100000;630;350;0,22;3,01;4,48;2,94
240/670-B-K30-MB;670;980;308;9000;21500;1480000;510;239;0,31;2,2;3,27;2,15
240/670-B-MB;670;980;308;9000;21500;1480000;510;239;0,31;2,2;3,27;2,15
231/670-B-K-MB;670;1090;336;11000;23900;1560000;495;230;0,31;2,21;3,29;2,16
231/670-B-MB;670;1090;336;11000;23900;1560000;495;230;0,31;2,21;3,29;2,16
241/670-B-K30-MB;670;1090;412;14000;31500;2110000;420;127;0,37;1,83;2,72;1,79
241/670-B-MB;670;1090;412;14000;31500;2110000;420;127;0,37;1,83;2,72;1,79
232/670-B-K-MB;670;1220;438;16000;32000;2130000;430;165;0,37;1,82;2,7;1,78
232/670-B-MB;670;1220;438;16000;32000;2130000;430;165;0,37;1,82;2,7;1,78
238/710-K-MB;710;870;118;2650;7500;540000;770;355;0,12;5,72;8,51;5,59
238/710-MB;710;870;118;2650;7500;540000;770;355;0,12;5,72;8,51;5,59
248/710-B-MB;710;870;160;3700;11000;780000;610;175;0,16;4,22;6,29;4,13
239/710-K-MB;710;950;180;4800;12100;720000;670;350;0,18;3,85;5,73;3,76
239/710-MB;710;950;180;4800;12100;720000;670;350;0,18;3,85;5,73;3,76
249/710-B-K30-MB;710;950;243;6600;16900;1060000;550;159;0,24;2,81;4,19;2,75
249/710-B-MB;710;950;243;6600;16900;1060000;550;159;0,24;2,81;4,19;2,75
230/710-B-K-MB;710;1030;236;7600;16900;1150000;590;325;0,22;3,07;4,57;3
230/710-B-MB;710;1030;236;7600;16900;1150000;590;325;0,22;3,07;4,57;3
240/710-B-K30-MB;710;1030;315;9600;23000;1560000;480;223;0,3;2,26;3,37;2,21
240/710-B-MB;710;1030;315;9600;23000;1560000;480;223;0,3;2,26;3,37;2,21
231/710-B-K-MB;710;1150;345;12500;27000;1790000;470;207;0,3;2,25;3,34;2,2
231/710-B-MB;710;1150;345;12500;27000;1790000;470;207;0,3;2,25;3,34;2,2
241/710-B-K30-MB;710;1150;438;15600;35500;2290000;395;116;0,38;1,79;2,67;1,75
241/710-B-MB;710;1150;438;15600;35500;2290000;395;116;0,38;1,79;2,67;1,75
232/710-B-K-MB;710;1280;450;17200;35500;2320000;405;149;0,37;1,83;2,72;1,79
232/710-B-MB;710;1280;450;17200;35500;2320000;405;149;0,37;1,83;2,72;1,79
238/750-B-K-MB;750;920;128;3000;8700;600000;720;330;0,12;5,61;8,36;5,49
238/750-B-MB;750;920;128;3000;8700;600000;720;330;0,12;5,61;8,36;5,49
248/750-B-MB;750;920;170;4150;12500;740000;570;160;0,16;4,11;6,12;4,02
239/750-K-MB;750;1000;185;5200;13000;790000;640;325;0,17;3,95;5,88;3,86
239/750-MB;750;1000;185;5200;13000;790000;640;325;0,17;3,95;5,88;3,86
249/750-B-K30-MB;750;1000;250;7200;18900;1170000;510;143;0,22;3,1;4,62;3,03
249/750-B-MB;750;1000;250;7200;18900;1170000;510;143;0,22;3,1;4,62;3,03
230/750-K-MB;750;1090;250;8500;19100;1010000;550;305;0,22;3,01;4,48;2,94
230/750-MB;750;1090;250;8500;19100;1010000;550;305;0,22;3,01;4,48;2,94
240/750-B-K30-MB;750;1090;335;10800;26000;1740000;445;204;0,3;2,26;3,37;2,21
240/750-B-MB;750;1090;335;10800;26000;1740000;445;204;0,3;2,26;3,37;2,21
231/750-B-K-MB;750;1220;365;14100;30500;1970000;445;189;0,29;2,3;3,42;2,25
231/750-B-MB;750;1220;365;14100;30500;1970000;445;189;0,29;2,3;3,42;2,25
241/750-B-K30-MB;750;1220;475;17800;41000;2600000;360;104;0,38;1,76;2,62;1,72
241/750-B-MB;750;1220;475;17800;41000;2600000;360;104;0,38;1,76;2,62;1,72
232/750-B-K-MB;750;1360;475;19300;39500;2500000;380;137;0,37;1,83;2,72;1,79
232/750-B-MB;750;1360;475;19300;39500;2500000;380;137;0,37;1,83;2,72;1,79
238/800-B-K-MB;800;980;136;3400;9900;680000;660;305;0,12;5,72;8,51;5,59
238/800-B-MB;800;980;136;3400;9900;680000;660;305;0,12;5,72;8,51;5,59
248/800-B-MB;800;980;180;4650;14000;830000;540;146;0,16;4,11;6,12;4,02
239/800-B-K-MB;800;1060;195;5900;15100;1010000;580;295;0,17;4,05;6,04;3,96
239/800-B-MB;800;1060;195;5900;15100;1010000;580;295;0,17;4,05;6,04;3,96
249/800-B-K30-MB;800;1060;258;7700;20300;1360000;480;133;0,23;2,98;4,44;2,92
249/800-B-MB;800;1060;258;7700;20300;1360000;480;133;0,23;2,98;4,44;2,92
230/800-K-MB;800;1150;258;9300;21200;1420000;530;280;0,22;3,07;4,57;3
230/800-MB;800;1150;258;9300;21200;1420000;530;280;0,22;3,07;4,57;3
240/800-B-K30-MB;800;1150;345;11600;28500;1790000;420;188;0,29;2,33;3,47;2,28
240/800-B-MB;800;1150;345;11600;28500;1790000;420;188;0,29;2,33;3,47;2,28
231/800-K-MB;800;1280;375;14900;33500;1660000;415;175;0,29;2,32;3,45;2,26
231/800-MB;800;1280;375;14900;33500;1660000;415;175;0,29;2,32;3,45;2,26
241/800-B-K30-MB;800;1280;475;18700;43500;2430000;345;96;0,36;1,86;2,77;1,82
241/800-B-MB;800;1280;475;18700;43500;2430000;345;96;0,36;1,86;2,77;1,82
232/800-K-MB;800;1420;488;20000;41500;1540000;365;130;0,36;1,87;2,79;1,83
232/800-MB;800;1420;488;20000;41500;1540000;365;130;0,36;1,87;2,79;1,83
238/850-K-MB;850;1030;136;3500;10600;710000;620;285;0,11;6,06;9,02;5,92
238/850-MB;850;1030;136;3500;10600;710000;620;285;0,11;6,06;9,02;5,92
248/850-MB;850;1030;180;4850;14900;880000;510;135;0,15;4,4;6,56;4,31
239/850-K-MB;850;1120;200;6300;16400;960000;550;275;0,16;4,11;6,12;4,02
239/850-MB;850;1120;200;6300;16400;960000;550;275;0,16;4,11;6,12;4,02
249/850-B-K30-MB;850;1120;272;8400;22500;1370000;445;123;0,23;2,98;4,44;2,92
249/850-B-MB;850;1120;272;8400;22500;1370000;445;123;0,23;2,98;4,44;2,92
230/850-B-K-MB;850;1220;272;10300;23800;1540000;490;255;0,21;3,24;4,82;3,16
230/850-B-MB;850;1220;272;10300;23800;1540000;490;255;0,21;3,24;4,82;3,16
240/850-B-K30-MB;850;1220;365;12800;32000;2060000;390;173;0,29;2,33;3,47;2,28
240/850-B-MB;850;1220;365;12800;32000;2060000;390;173;0,29;2,33;3,47;2,28
231/850-B-K-MB;850;1360;400;16100;36000;2290000;385;164;0,29;2,35;3,5;2,3
231/850-B-MB;850;1360;400;16100;36000;2290000;385;164;0,29;2,35;3,5;2,3
241/850-B-K30-MB;850;1360;500;21200;48500;3050000;330;88;0,36;1,89;2,81;1,84
241/850-B-MB;850;1360;500;21200;48500;3050000;330;88;0,36;1,89;2,81;1,84
238/900-B-K-MB;900;1090;140;3750;11600;760000;590;260;0,11;6,06;9,02;5,92
238/900-B-MB;900;1090;140;3750;11600;760000;590;260;0,11;6,06;9,02;5,92
248/900-B-MB;900;1090;190;5200;16700;960000;465;124;0,15;4,4;6,56;4,31
239/900-K-MB;900;1180;206;6500;17200;1010000;520;260;0,16;4,28;6,37;4,19
239/900-MB;900;1180;206;6500;17200;1010000;520;260;0,16;4,28;6,37;4,19
230/900-B-K-MB;900;1280;280;11100;26500;1620000;455;235;0,22;3,14;4,67;3,07
230/900-B-MB;900;1280;280;11100;26500;1620000;455;235;0,22;3,14;4,67;3,07
240/900-B-K30-MB;900;1280;375;14200;36500;2220000;365;155;0,28;2,45;3,64;2,39
240/900-B-MB;900;1280;375;14200;36500;2220000;365;155;0,28;2,45;3,64;2,39
231/900-B-K-MB;900;1420;412;18000;40500;2550000;365;149;0,29;2,33;3,47;2,28
231/900-B-MB;900;1420;412;18000;40500;2550000;365;149;0,29;2,33;3,47;2,28
241/900-B-FB1;900;1420;515;22300;53000;2900000;310;81;0,35;1,91;2,85;1,87
241/900-B-K30-FB1;900;1420;515;22300;53000;2900000;310;81;0,35;1,91;2,85;1,87
248/950-MB;950;1150;200;5700;18500;1030000;430;114;0,15;4,4;6,56;4,31
239/950-B-K-MB;950;1250;224;7500;19900;1280000;475;239;0,16;4,22;6,29;4,13
239/950-B-MB;950;1250;224;7500;19900;1280000;475;239;0,16;4,22;6,29;4,13
249/950-B-K30-MB;950;1250;300;10300;28500;1700000;385;101;0,22;3,01;4,48;2,94
249/950-B-MB;950;1250;300;10300;28500;1700000;385;101;0,22;3,01;4,48;2,94
230/950-B-K-MB;950;1360;300;12300;29500;1800000;425;218;0,22;3,14;4,67;3,07
230/950-B-MB;950;1360;300;12300;29500;1800000;425;218;0,22;3,14;4,67;3,07
240/950-B-K30-MB;950;1360;412;16200;42000;2550000;335;142;0,28;2,37;3,53;2,32
240/950-B-MB;950;1360;412;16200;42000;2550000;335;142;0,28;2,37;3,53;2,32
241/950-B-K30-MB;950;1500;545;23700;54000;3100000;300;81;0,36;1,87;2,79;1,83
241/950-B-MB;950;1500;545;23700;54000;3100000;300;81;0,36;1,87;2,79;1,83
238/1000-K-MB;1000;1220;165;4900;14900;960000;510;231;0,12;5,72;8,51;5,59
238/1000-MB;1000;1220;165;4900;14900;960000;510;231;0,12;5,72;8,51;5,59
248/1000-B-MB;1000;1220;218;6700;21500;1210000;405;104;0,16;4,28;6,37;4,19
249/1000-B-K30-MB;1000;1320;315;11400;31000;1850000;370;95;0,22;3,01;4,48;2,94
249/1000-B-MB;1000;1320;315;11400;31000;1850000;370;95;0,22;3,01;4,48;2,94
230/1000-K-MB;1000;1420;308;13100;31500;1580000;405;206;0,21;3,2;4,77;3,13
230/1000-MB;1000;1420;308;13100;31500;1580000;405;206;0,21;3,2;4,77;3,13
240/1000-B-K30-MB;1000;1420;412;16400;42000;2550000;330;138;0,28;2,41;3,59;2,35
240/1000-B-MB;1000;1420;412;16400;42000;2550000;330;138;0,28;2,41;3,59;2,35
231/1000-B-K-MB;1000;1580;462;22000;51000;3150000;320;126;0,29;2,33;3,47;2,28
231/1000-B-MB;1000;1580;462;22000;51000;3150000;320;126;0,29;2,33;3,47;2,28
241/1000-B-K30-MB;1000;1580;580;27500;64000;3950000;275;70;0,35;1,91;2,85;1,87
241/1000-B-MB;1000;1580;580;27500;64000;3950000;275;70;0,35;1,91;2,85;1,87
238/1060-B-K-MB;1060;1280;165;5100;16100;980000;480;213;0,11;6,18;9,2;6,04
238/1060-B-MB;1060;1280;165;5100;16100;980000;480;213;0,11;6,18;9,2;6,04
248/1060-B-MB;1060;1280;218;7000;22700;1270000;385;97;0,15;4,54;6,75;4,43
239/1060-K-MB1;1060;1400;250;9900;26000;1420000;420;202;0,17;4,05;6,04;3,96
239/1060-MB1;1060;1400;250;9900;26000;1420000;420;202;0,17;4,05;6,04;3,96
249/1060-B-K30-MB;1060;1400;335;12900;36000;2240000;345;84;0,21;3,17;4,72;3,1
249/1060-B-MB;1060;1400;335;12900;36000;2240000;345;84;0,21;3,17;4,72;3,1
230/1060-B-MB;1060;1500;325;13700;34000;2110000;375;193;0,2;3,38;5,03;3,3
240/1060-B-K30-MB;1060;1500;438;18800;49500;2950000;295;122;0,27;2,47;3,67;2,41
240/1060-B-MB;1060;1500;438;18800;49500;2950000;295;122;0,27;2,47;3,67;2,41
248/1120-B-MB;1120;1360;243;8000;26000;1460000;365;90;0,15;4,47;6,65;4,37
249/1120-B-K30-MB;1120;1460;335;12800;35500;2180000;340;83;0,21;3,27;4,87;3,2
249/1120-B-MB;1120;1460;335;12800;35500;2180000;340;83;0,21;3,27;4,87;3,2
230/1120-B-MB;1120;1580;345;14900;37500;2250000;350;181;0,2;3,42;5,09;3,34
240/1120-B-K30-MB;1120;1580;462;20900;55000;3250000;280;113;0,28;2,45;3,64;2,39
240/1120-B-MB;1120;1580;462;20900;55000;3250000;280;113;0,28;2,45;3,64;2,39
238/1180-B-K-MB;1180;1420;180;6000;19200;1110000;430;187;0,11;6,18;9,2;6,04
238/1180-B-MB;1180;1420;180;6000;19200;1110000;430;187;0,11;6,18;9,2;6,04
248/1180-B-MB;1180;1420;243;8400;28000;1540000;335;83;0,15;4,54;6,75;4,43
239/1180-B-K-MB;1180;1540;272;11300;31000;1770000;370;177;0,17;4,05;6,04;3,96
239/1180-B-MB;1180;1540;272;11300;31000;1770000;370;177;0,17;4,05;6,04;3,96
249/1180-B-K30-MB;1180;1540;355;14700;42000;2400000;305;73;0,22;3,14;4,67;3,07
249/1180-B-MB;1180;1540;355;14700;42000;2400000;305;73;0,22;3,14;4,67;3,07
230/1180-B-MB;1180;1660;355;16600;42000;2470000;330;166;0,21;3,27;4,87;3,2
248/1250-B-MB;1250;1500;250;9000;30500;1220000;320;76;0,14;4,67;6,96;4,57
249/1250-B-K30-MB;1250;1630;375;16000;45500;2700000;295;69;0,21;3,24;4,82;3,16
249/1250-B-MB;1250;1630;375;16000;45500;2700000;295;69;0,21;3,24;4,82;3,16
230/1250-B-K-MB;1250;1750;375;18100;46500;2700000;310;154;0,2;3,34;4,98;3,27
230/1250-B-MB;1250;1750;375;18100;46500;2700000;310;154;0,2;3,34;4,98;3,27
248/1320-B-MB;1320;1600;280;10300;35000;1900000;295;71;0,15;4,4;6,56;4,31
249/1320-B-K30-MB;1320;1720;400;17600;52000;2370000;265;62;0,22;3,1;4,62;3,03
249/1320-B-MB;1320;1720;400;17600;52000;2370000;265;62;0,22;3,1;4,62;3,03
248/1400-B-MB;1400;1700;300;12100;41000;2220000;270;63;0,16;4,34;6,47;4,25
248/1500-B-MB;1500;1820;315;13000;44500;2380000;255;58;0,15;4,47;6,65;4,37
248/1600-B-MB;1600;1950;345;16000;54000;3000000;240;51;0,15;4,54;6,75;4,43
248/1700-MB;1700;2060;355;17100;60000;2850000;218;46;0,15;4,47;6,65;4,37
248/1800-B-MB;1800;2180;375;18700;67000;3400000;201;42;0,15;4,47;6,65;4,37
