Designatie;d;D;B;C;T;C [N];C0 [N];Cu [N];Limiting speed;Reference speed;e;Y;Y0
30202-XL;15;35;11;10;11.75;17700;14400;1740;26000;13400;0.35;1.73;0.95
30302-XL;15;42;13;11;14.25;27500;20800;2800;21700;12000;0.29;2.11;1.16
30203-XL;17;40;12;11;13.25;22900;19000;2490;22200;11800;0.35;1.74;0.96
32203-XL;17;40;16;14;17.25;34500;30000;4300;21400;10700;0.31;1.92;1.06
30303-XL;17;47;14;12;15.25;33000;25000;3400;19300;10800;0.29;2.11;1.16
32303-A;17;47;19;16;20.25;36500;36000;3750;17200;10300;0.29;2.11;1.16
32904;20;37;12;9;12;15700;18400;1960;21100;11700;0.32;1.88;1.04
32004-X-XL;20;42;15;12;15;28500;29000;3950;19900;10700;0.37;1.6;0.88
T4DB020;20;45;14;10;14;22200;21100;2240;17500;10700;0.45;1.34;0.73
30204-XL;20;47;14;12;15.25;32000;27500;3800;18500;10100;0.35;1.74;0.96
32204-B-XL;20;47;18;15;19.25;39000;37000;5600;17600;9500;0.52;1.16;0.64
32204-XL;20;47;18;15;19.25;40500;36500;5400;18400;9700;0.33;1.81;1
T2ED020;20;50;22;18.5;22;46000;49000;5800;15400;9400;0.33;1.8;0.99
30304-A;20;52;15;13;16.25;34000;32500;3600;15600;9700;0.3;2;1.1
31304;20;52;15;11;16.25;30500;29500;3350;14900;8400;0.73;0.82;0.45
32304-A;20;52;21;18;22.25;46000;47500;5600;15200;9400;0.3;2;1.1
329/22;22;40;12;9;12;16000;18100;1910;19300;10700;0.32;1.88;1.04
320/22-X;22;44;15;11.5;15;24800;30500;3200;17000;10000;0.4;1.51;0.83
T4CB022;22;47;14;10;14;23300;22800;2430;16600;10000;0.47;1.27;0.7
T2ED022;22;52;22;18.5;22;47500;51000;6000;14600;8800;0.33;1.84;1.01
303/22;22;56;16;14;17.25;38000;36000;4050;14600;9400;0.3;2.01;1.1
32905;25;42;12;9;12;14900;18800;1910;18000;9900;0.32;1.88;1.04
33005;25;47;17;14;17;33000;41500;4650;15700;9400;0.29;2.07;1.14
32005-X-XL;25;47;15;11.5;15;31500;34000;4700;17200;9000;0.43;1.39;0.77
T4CB025;25;50;14;10;14;24200;24600;2650;15300;9200;0.51;1.18;0.65
33205;25;52;22;18;22;48500;58000;6900;14200;8300;0.35;1.71;0.94
30205-XL;25;52;15;13;16.25;38500;35500;5000;16400;9100;0.37;1.6;0.88
32205-B-XL;25;52;18;15;19.25;44500;46000;7000;15500;8100;0.58;1.03;0.57
32205-XL;25;52;18;16;19.25;47500;45000;6700;15900;8000;0.36;1.67;0.92
T2EE025;25;58;26;21;26;61000;69000;8500;12900;8200;0.33;1.8;0.99
30305-A;25;62;17;15;18.25;47000;45500;5100;12800;8000;0.3;2;1.1
31305-A;25;62;17;13;18.25;37000;38500;4400;12000;7100;0.83;0.73;0.4
32305-A;25;62;24;20;25.25;62000;66000;7800;12500;7800;0.3;2;1.1
32305-B;25;62;24;20;25.25;57000;66000;8000;12200;7900;0.55;1.1;0.6
329/28;28;45;12;9;12;15800;20900;2130;16700;8900;0.32;1.88;1.04
320/28-X;28;52;16;12;16;34000;40500;4550;14200;8400;0.43;1.39;0.77
T4CB028;28;55;14.5;11;15;30000;31000;3400;13900;8400;0.47;1.27;0.7
322/28-B;28;58;19;16;20.25;43500;52000;6100;12800;7500;0.56;1.07;0.59
332/28;28;58;24;19;24;57000;66000;8000;12700;7700;0.34;1.77;0.97
T2ED028;28;65;27;22;27;71000;78000;9400;11600;7500;0.34;1.77;0.97
303/28;28;68;18;16;19.75;53000;51000;5800;11700;7600;0.3;2;1.1
32906;30;47;12;9;12;16300;22000;2260;15900;8400;0.32;1.88;1.04
32006-X-XL;30;55;17;13;17;46000;47000;6500;14600;7900;0.43;1.39;0.77
33006-XL;30;55;20;16;20;53000;57000;8800;14500;8300;0.29;2.06;1.13
T4CB030;30;60;16.5;12.5;17;38000;38500;4500;12600;8000;0.47;1.27;0.7
30206-XL;30;62;16;14;17.25;52000;48500;7200;13700;7400;0.37;1.6;0.88
32206-B-XL;30;62;20;17;21.25;62000;65000;9700;12900;6700;0.56;1.07;0.59
32206-XL;30;62;20;17;21.25;63000;62000;9700;13300;6800;0.37;1.6;0.88
33206-XL;30;62;25;19.5;25;77000;78000;12400;13000;7000;0.34;1.76;0.97
T2EE030;30;68;29;24;29;80000;93000;11500;10900;7100;0.33;1.81;1
30306-XL;30;72;19;16;20.75;77000;61000;8400;12100;7100;0.32;1.9;1.05
31306-A;30;72;19;14;20.75;45000;46500;5300;10300;6400;0.83;0.73;0.4
32306-A;30;72;27;23;28.75;80000;89000;10800;10700;7000;0.32;1.9;1.05
32306-B;30;72;27;23;28.75;73000;87000;10600;10400;7100;0.55;1.1;0.6
329/32;32;52;15;10;14;24200;30500;3000;14300;7900;0.32;1.88;1.04
320/32-X;32;58;17;13;17;39000;48500;5600;12600;7500;0.45;1.32;0.73
302/32;32;65;17;15;18.25;47500;52000;6100;11800;7300;0.37;1.6;0.88
332/32;32;65;26;20.5;26;71000;85000;10500;11200;6800;0.35;1.73;0.95
T4DB032;32;65;17.5;13.5;18;43500;45000;5300;11700;7500;0.47;1.27;0.7
T2ED032;32;72;29;24;29;87000;100000;12200;10400;6700;0.34;1.78;0.98
303/32;32;75;20;17.5;21.75;67000;68000;7900;10400;6800;0.32;1.9;1.05
32907;35;55;14;11.5;14;27500;38000;3850;13200;7000;0.29;2.06;1.13
33007;35;62;21;17;21;53000;70000;8500;11500;7200;0.31;1.97;1.08
32007-X-XL;35;62;18;14;18;54000;57000;8900;12800;7000;0.45;1.32;0.73
T4DB035;35;70;18;14;19;51000;55000;6400;10800;6900;0.45;1.32;0.73
30207-XL;35;72;17;15;18.25;64000;59000;8900;11700;6400;0.37;1.6;0.88
32207-B-XL;35;72;23;19;24.25;75000;80000;12500;11100;6200;0.58;1.03;0.57
32207-XL;35;72;23;19;24.25;84000;85000;13400;11400;6000;0.37;1.6;0.88
33207-XL;35;72;28;22;28;103000;105000;16800;11100;6200;0.35;1.7;0.93
T2EE035;35;78;32.5;27;33;106000;120000;14700;9400;6400;0.32;1.85;1.02
30307-A;35;80;21;18;22.75;73000;75000;8600;9700;6500;0.32;1.9;1.05
31307-A;35;80;21;15;22.75;60000;64000;7500;9100;5700;0.83;0.73;0.4
32307-A;35;80;31;25;32.75;100000;113000;13600;9400;6500;0.32;1.9;1.05
32307-B;35;80;31;25;32.75;95000;116000;14400;9100;6400;0.55;1.1;0.6
320/38-X;38;65;18;14;18;49000;64000;7500;11100;6400;0.37;1.6;0.88
32908;40;62;15;12;15;32500;46000;5000;11700;6200;0.29;2.07;1.14
33008;40;68;22;18;22;62000;87000;10600;10400;6300;0.28;2.12;1.17
32008-X-XL;40;68;19;14.5;19;63000;71000;10100;11600;6200;0.38;1.58;0.87
33108-XL;40;75;26;20.5;26;93000;104000;16800;10400;5500;0.36;1.69;0.93
T4CB040;40;75;18;14;19;53000;59000;6900;9900;6300;0.49;1.22;0.67
33208;40;80;32;25;32;105000;134000;16600;9000;5700;0.36;1.68;0.92
30208-XL;40;80;18;16;19.75;73000;67000;10100;10500;5900;0.37;1.6;0.88
32208-B-XL;40;80;23;19;24.75;87000;88000;13900;10000;5500;0.55;1.1;0.6
32208-XL;40;80;23;19;24.75;94000;94000;14700;10200;5300;0.37;1.6;0.88
T2EE040;40;85;32.5;28;33;114000;139000;17000;8600;5700;0.34;1.74;0.96
30308-A;40;90;23;20;25.25;91000;102000;11900;8500;5700;0.35;1.74;0.96
31308-XL;40;90;23;17;25.25;89000;83000;12100;8700;5100;0.83;0.73;0.4
32308-B;40;90;33;27;35.25;120000;149000;18200;8000;5600;0.55;1.1;0.6
32308-XL;40;90;33;27;35.25;143000;148000;23400;9200;5700;0.35;1.74;0.96
320/42-X;42;72;20;15.5;20;59000;82000;9800;9900;5700;0.37;1.6;0.88
32909;45;68;15;12;15;34500;52000;5700;10600;5500;0.32;1.88;1.04
33009;45;75;24;19;24;71000;103000;12700;9400;5900;0.29;2.04;1.12
32009-X-XL;45;75;20;15.5;20;72000;86000;13300;10300;5400;0.39;1.53;0.84
33109;45;80;26;20.5;26;84000;115000;14400;8800;4950;0.38;1.57;0.86
33209;45;85;32;25;32;107000;146000;18300;8200;5200;0.39;1.56;0.86
30209-XL;45;85;19;16;20.75;84000;83000;12600;9600;5400;0.4;1.48;0.81
32209-B-XL;45;85;23;19;24.75;93000;99000;15500;9200;4950;0.59;1.01;0.56
32209-XL;45;85;23;19;24.75;97000;100000;15700;9400;4850;0.4;1.48;0.81
T4DB045;45;85;20;15.5;21;69000;77000;9200;8700;5600;0.46;1.31;0.72
T5ED045;45;90;31;26;32;105000;141000;17800;7900;5200;0.55;1.1;0.6
T2ED045;45;95;35;30;36;143000;175000;21600;7700;5100;0.32;1.86;1.02
T7FC045-XL;45;95;26.5;20;29;105000;109000;16600;8100;6100;0.87;0.69;0.38
30309-A;45;100;25;22;27.25;111000;125000;14800;7600;5100;0.35;1.74;0.96
31309-XL;45;100;25;18;27.25;114000;108000;16000;7800;4650;0.83;0.73;0.4
32309-A;45;100;36;30;38.25;154000;193000;23900;7300;4900;0.35;1.74;0.96
32309-BA;45;100;36;30;38.25;144000;188000;23200;7200;5100;0.55;1.1;0.6
32910;50;72;15;12;15;35500;55000;6100;9900;5100;0.34;1.76;0.97
32010-X-XL;50;80;20;15.5;20;75000;94000;14500;9600;4950;0.42;1.42;0.78
33010-XL;50;80;24;19;24;89000;114000;18200;9600;5300;0.32;1.9;1.04
33110;50;85;26;20;26;86000;122000;15200;8200;4600;0.41;1.46;0.8
30210-XL;50;90;20;17;21.75;94000;97000;14800;9000;5000;0.42;1.43;0.79
32210-B-XL;50;90;23;19;24.75;98000;102000;16000;8600;4600;0.59;1.02;0.56
32210-XL;50;90;23;19;24.75;104000;110000;17300;8800;4500;0.42;1.43;0.79
33210-XL;50;90;32;24.5;32;136000;163000;26500;8400;4700;0.41;1.45;0.8
T4DB050;50;90;20;15.5;21;71000;82000;9800;8100;5200;0.49;1.23;0.67
T2ED050;50;100;35;30;36;150000;188000;23400;7200;4750;0.34;1.75;0.96
T5ED050;50;100;34.5;29;36;131000;183000;23100;7000;4750;0.53;1.13;0.62
T7FC050-XL;50;105;29;22;32;127000;135000;20700;7200;5600;0.87;0.69;0.38
30310-A;50;110;27;23;29.25;130000;148000;17700;6800;4700;0.35;1.74;0.96
31310-XL;50;110;27;19;29.25;131000;125000;18500;7100;4300;0.83;0.73;0.4
32310-A;50;110;40;33;42.25;187000;237000;29500;6600;4550;0.35;1.74;0.96
32310-B;50;110;40;33;42.25;165000;223000;28000;6500;4800;0.55;1.1;0.6
32911;55;80;17;14;17;46500;78000;9000;8900;4650;0.31;1.94;1.07
33011;55;90;27;21;27;94000;142000;18000;7700;4900;0.31;1.92;1.06
32011-X-XL;55;90;23;17.5;23;96000;118000;18800;8500;4600;0.41;1.48;0.81
33111;55;95;30;23;30;113000;163000;20400;7300;4250;0.37;1.6;0.88
T4CB055;55;95;20;15.5;21;73000;88000;10500;7600;4700;0.45;1.35;0.74
30211-XL;55;100;21;18;22.75;109000;109000;16200;8100;4600;0.4;1.48;0.81
32211-B-XL;55;100;25;19;26.75;124000;130000;20100;7800;4150;0.57;1.05;0.58
32211-XL;55;100;25;21;26.75;130000;137000;21200;7900;4100;0.4;1.48;0.81
33211-XL;55;100;35;27;35;164000;194000;31500;7600;4350;0.4;1.5;0.83
T5ED055;55;105;34.5;29;36;135000;193000;24400;6600;4450;0.56;1.07;0.59
T2ED055;55;110;39;32;39;176000;226000;28500;6500;4350;0.35;1.73;0.95
T7FC055-XL;55;115;31;23.5;34;152000;165000;25500;6600;5000;0.87;0.69;0.38
30311-XL;55;120;29;25;31.5;180000;175000;27000;6900;4350;0.35;1.74;0.96
31311-XL;55;120;29;21;31.5;145000;139000;21000;6500;4100;0.83;0.73;0.4
32311-A;55;120;43;35;45.5;211000;270000;33500;6100;4350;0.35;1.74;0.96
32311-B;55;120;43;35;45.5;194000;265000;33000;5900;4450;0.55;1.1;0.6
32912;60;85;17;14;17;49000;85000;9900;8300;4250;0.33;1.81;1
33012;60;95;27;21;27;95000;148000;18800;7300;4650;0.33;1.83;1.01
32012-X-XL;60;95;23;17.5;23;97000;124000;19600;8000;4350;0.43;1.39;0.77
33112;60;100;30;23;30;116000;171000;21500;6900;3950;0.4;1.51;0.83
T4CB060;60;100;20;15.5;21;75000;93000;11100;7200;4400;0.47;1.27;0.7
33212;60;110;38;29;38;169000;237000;29500;6300;4050;0.4;1.48;0.82
30212-XL;60;110;22;19;23.75;122000;123000;18400;7500;4250;0.41;1.48;0.81
32212-B-XL;60;110;28;21;29.75;151000;162000;25500;7000;3900;0.57;1.05;0.58
32212-XL;60;110;28;24;29.75;158000;171000;27000;7200;3850;0.4;1.48;0.81
T2EE060;60;115;39;33;40;189000;250000;31500;6100;4050;0.33;1.8;0.99
T5ED060;60;115;38;31;39;156000;223000;28000;6000;4150;0.53;1.13;0.62
T7FC060-XL;60;125;33.5;26;37;181000;200000;31000;6100;4700;0.82;0.73;0.4
30312-XL;60;130;31;26;33.5;208000;204000;31500;6300;4050;0.35;1.74;0.96
31312-XL;60;130;31;22;33.5;173000;169000;25500;6000;3800;0.83;0.73;0.4
32312-BA;60;130;46;37;48.5;220000;300000;38000;5400;4150;0.55;1.1;0.6
32312-XL;60;130;46;37;48.5;285000;310000;51000;6100;4050;0.35;1.74;0.96
32913;65;90;17;14;17;49500;88000;10200;7800;4000;0.35;1.7;0.93
33013;65;100;27;21;27;100000;161000;20300;6900;4300;0.35;1.72;0.95
32013-X-XL;65;100;23;17.5;23;97000;125000;20400;7500;4150;0.46;1.31;0.72
T4CB065;65;105;20;15.5;21;80000;102000;12300;6800;4100;0.5;1.2;0.66
33113;65;110;34;26.5;34;149000;225000;28500;6200;3650;0.39;1.55;0.85
30213-XL;65;120;23;20;24.75;142000;143000;21500;6800;3850;0.4;1.48;0.81
32213-B-XL;65;120;31;23;32.75;174000;185000;29000;6500;3750;0.56;1.07;0.59
32213-XL;65;120;31;27;32.75;185000;202000;32000;6500;3600;0.4;1.48;0.81
33213-XL;65;120;41;32;41;242000;285000;46500;6300;3750;0.39;1.54;0.85
T5ED065;65;120;38;31;39;161000;235000;29500;5700;3950;0.56;1.07;0.59
T7FC065-XL;65;130;33.5;26;37;186000;211000;32500;5700;4450;0.87;0.69;0.38
30313-A;65;140;33;28;36;196000;228000;27000;5300;3850;0.35;1.74;0.96
31313-XL;65;140;33;23;36;193000;188000;28500;5500;3650;0.83;0.73;0.4
32313-BA;65;140;48;39;51;248000;340000;43000;5000;3850;0.55;1.1;0.6
32313-XL;65;140;48;39;51;320000;350000;56000;5600;3750;0.35;1.74;0.96
32914-XL;70;100;20;16;20;85000;116000;18300;7600;3800;0.32;1.9;1.05
33014;70;110;31;25.5;31;136000;223000;28500;6200;3850;0.28;2.11;1.16
32014-X-XL;70;110;25;19;25;123000;159000;26000;6900;3800;0.43;1.38;0.76
T4CB070;70;110;20;15.5;21;82000;108000;13100;6500;3800;0.46;1.3;0.72
33114;70;120;37;29;37;174000;260000;33000;5700;3500;0.38;1.58;0.87
33214;70;125;41;32;41;210000;300000;38000;5500;3550;0.41;1.47;0.81
30214-XL;70;125;24;21;26.25;155000;162000;24500;6400;3700;0.42;1.43;0.79
32214-B-XL;70;125;31;23.5;33.25;179000;196000;31000;6100;3550;0.59;1.02;0.56
32214-XL;70;125;31;27;33.25;194000;216000;34000;6200;3450;0.42;1.43;0.79
T2ED070;70;130;42;35;43;225000;310000;39000;5300;3550;0.33;1.8;0.99
T5ED070;70;130;40;34;42;195000;295000;37500;5200;3550;0.52;1.15;0.63
T7FC070-XL;70;140;35.5;27;39;208000;237000;37500;5300;4150;0.87;0.69;0.38
30314-A;70;150;35;30;38;223000;260000;30500;4900;3650;0.35;1.74;0.96
31314-XL;70;150;35;25;38;221000;219000;33000;5200;3450;0.83;0.73;0.4
32314-BA;70;150;51;42;54;285000;395000;48500;4650;3600;0.55;1.1;0.6
32314-XL;70;150;51;42;54;370000;410000;65000;5200;3500;0.35;1.74;0.96
32915;75;105;20;16;20;74000;124000;15000;6600;3550;0.33;1.8;0.99
33015;75;115;31;25.5;31;139000;232000;30000;5900;3700;0.3;2.01;1.11
32015-X-XL;75;115;25;19;25;124000;165000;26500;6500;3600;0.46;1.31;0.72
T4CB075;75;115;20;15.5;21;83000;113000;13700;6100;3600;0.48;1.24;0.68
33115;75;125;37;29;37;178000;275000;34500;5400;3300;0.4;1.51;0.83
30215-XL;75;130;25;22;27.25;160000;169000;26000;6100;3600;0.43;1.38;0.76
32215-XL;75;130;31;27;33.25;201000;227000;36000;5900;3250;0.43;1.38;0.76
33215-XL;75;130;41;31;41;245000;310000;51000;5700;3350;0.43;1.4;0.77
T2ED075;75;135;42;35;43;233000;330000;41000;5100;3350;0.35;1.73;0.95
T5ED075;75;135;40;34;42;200000;310000;39000;5000;3400;0.55;1.1;0.6
T7FC075-XL;75;150;38;29;42;238000;275000;42500;4950;3950;0.87;0.69;0.38
30315-A;75;160;37;31;40;250000;295000;34500;4600;3400;0.35;1.74;0.96
31315-XL;75;160;37;26;40;240000;236000;34500;4850;3300;0.83;0.73;0.4
32315-A;75;160;55;45;58;360000;475000;57000;4450;3300;0.35;1.74;0.96
32315-B;75;160;55;45;58;330000;470000;54000;4350;3400;0.55;1.1;0.6
32916;80;110;20;16;20;77000;132000;16000;6300;3350;0.35;1.71;0.94
32016-X-XL;80;125;29;22;29;162000;212000;34000;6000;3450;0.42;1.42;0.78
33016-XL;80;125;36;29.5;36;208000;290000;48500;5900;3550;0.28;2.16;1.19
T4CB080;80;125;22.5;17.5;24;114000;150000;17800;5600;3450;0.45;1.33;0.73
33116;80;130;37;29;37;188000;300000;37000;5200;3050;0.42;1.44;0.79
30216-XL;80;140;26;22;28.25;184000;193000;28500;5700;3400;0.42;1.43;0.79
32216-XL;80;140;33;28;35.25;234000;265000;40500;5500;3050;0.42;1.43;0.79
33216-XL;80;140;46;35;46;295000;385000;61000;5300;3150;0.43;1.41;0.78
T5ED080;80;140;40;34;42;204000;320000;40000;4800;3250;0.57;1.05;0.58
T2ED080;80;145;45;38;46;265000;370000;45500;4750;3200;0.32;1.88;1.03
T7FC080-XL;80;160;41;31;45;270000;315000;48000;4600;3750;0.87;0.69;0.38
30316-A;80;170;39;33;42.5;285000;345000;39500;4250;3200;0.35;1.74;0.96
31316-XL;80;170;39;27;42.5;270000;270000;38500;4550;3150;0.83;0.73;0.4
32316-B;80;170;58;48;61.5;355000;510000;61000;4100;3300;0.55;1.1;0.6
32316-XL;80;170;58;48;61.5;475000;540000;82000;4550;3150;0.35;1.74;0.96
32917;85;120;23;18;23;95000;160000;20000;5700;3250;0.33;1.83;1.01
33017;85;130;36;29.5;36;184000;315000;39500;5100;3300;0.29;2.06;1.13
32017-X-XL;85;130;29;22;29;167000;224000;35500;5700;3250;0.44;1.36;0.75
T4CB085;85;130;22.5;17.5;24;116000;157000;18400;5400;3300;0.47;1.27;0.7
33117;85;140;41;32;41;221000;350000;43000;4750;2950;0.41;1.48;0.81
T5ED085;85;145;40;34;42;210000;340000;41500;4600;3050;0.52;1.14;0.63
33217;85;150;49;37;49;295000;435000;53000;4500;3050;0.42;1.43;0.79
30217-XL;85;150;28;24;30.5;212000;226000;33000;5300;3250;0.42;1.43;0.79
32217-XL;85;150;36;30;38.5;270000;305000;46500;5200;2950;0.42;1.43;0.79
T2ED085;85;150;46;38;46;275000;395000;48000;4600;3050;0.33;1.8;0.99
T7FC085-XL;85;170;45;33;48;310000;365000;55000;4350;3550;0.8;0.75;0.41
31317;85;180;41;28;44.5;255000;300000;34000;3900;3000;0.83;0.73;0.4
30317-A;85;180;41;34;44.5;310000;375000;42000;4050;3100;0.35;1.74;0.96
32317-B-XL;85;180;60;49;63.5;480000;590000;90000;4250;3000;0.55;1.1;0.6
32317-XL;85;180;60;49;63.5;510000;580000;88000;4300;3000;0.35;1.74;0.96
32918;90;125;23;18;23;99000;171000;21000;5500;3050;0.34;1.75;0.96
T4CB090;90;135;22.5;17.5;24;119000;164000;18900;5100;3100;0.49;1.21;0.67
33018;90;140;39;32.5;39;216000;365000;45000;4750;3150;0.27;2.23;1.23
32018-X-XL;90;140;32;24;32;195000;255000;40000;5400;3200;0.42;1.42;0.78
33118-XL;90;150;45;35;45;315000;425000;66000;4900;2800;0.4;1.51;0.83
T5ED090;90;150;40;34;42;214000;355000;43000;4450;2900;0.55;1.1;0.6
T2ED090;90;155;46;38;46;280000;410000;49000;4400;2900;0.33;1.84;1.01
33218;90;160;55;42;55;345000;530000;64000;4200;2950;0.42;1.43;0.78
30218-XL;90;160;30;26;32.5;239000;260000;37500;5000;3050;0.42;1.43;0.79
32218-XL;90;160;40;34;42.5;310000;360000;55000;4800;2850;0.42;1.43;0.79
31318;90;190;43;30;46.5;275000;325000;35500;3700;2900;0.83;0.73;0.4
30318-A;90;190;43;36;46.5;330000;395000;43500;3850;3050;0.35;1.74;0.96
32318-B;90;190;64;53;67.5;435000;630000;73000;3650;2850;0.55;1.1;0.6
32318-XL;90;190;64;53;67.5;580000;660000;98000;4050;2750;0.35;1.74;0.96
32919;95;130;23;18;23;102000;181000;22000;5300;2900;0.36;1.68;0.92
T4CB095;95;140;22.5;17.5;24;114000;167000;19100;4950;2950;0.45;1.32;0.73
32019-X-XL;95;145;32;24;32;201000;275000;42500;5100;3000;0.44;1.36;0.75
33019-XL;95;145;39;32.5;39;260000;380000;60000;5000;3000;0.28;2.16;1.19
T5ED095;95;155;40;34;42;218000;365000;44500;4250;2800;0.57;1.06;0.58
33119;95;160;49;38;49;305000;490000;59000;4150;2700;0.39;1.54;0.85
T2ED095;95;160;46;38;46;285000;430000;51000;4250;2750;0.34;1.77;0.97
33219;95;170;58;44;58;375000;560000;66000;3950;2850;0.41;1.47;0.81
30219-XL;95;170;32;27;34.5;265000;285000;41500;4700;2950;0.42;1.43;0.79
32219-XL;95;170;43;37;45.5;355000;420000;63000;4500;2700;0.42;1.43;0.79
T7FC095-XL;95;180;45;33;49;325000;400000;59000;4000;3300;0.87;0.69;0.38
30319-A;95;200;45;38;49.5;360000;440000;47500;3650;2950;0.35;1.74;0.96
31319-A;95;200;45;32;49.5;305000;370000;40000;3500;2800;0.83;0.73;0.4
32319-B-XL;95;200;67;55;71.5;570000;690000;102000;3750;2700;0.55;1.1;0.6
32319-XL;95;200;67;55;71.5;620000;710000;105000;3850;2600;0.35;1.74;0.96
32920;100;140;25;20;25;126000;211000;24900;4900;2750;0.33;1.82;1
T4CB100;100;145;22.5;17.5;24;119000;179000;20200;4750;2800;0.47;1.27;0.7
33020;100;150;39;32.5;39;225000;395000;47500;4450;2900;0.29;2.09;1.15
32020-X-XL;100;150;32;24;32;205000;285000;43500;4950;2900;0.46;1.31;0.72
T5ED100-XL;100;160;40;34;42;275000;395000;60000;4550;2650;0.53;1.14;0.63
33120;100;165;52;40;52;325000;540000;64000;4000;2650;0.41;1.48;0.81
T2EE100;100;165;46;39;47;300000;470000;56000;4100;2600;0.32;1.88;1.04
33220;100;180;63;48;63;430000;660000;77000;3700;2650;0.4;1.48;0.82
30220-XL;100;180;34;29;37;295000;325000;46500;4400;2850;0.42;1.43;0.79
32220-XL;100;180;46;39;49;400000;475000;71000;4250;2600;0.42;1.43;0.79
30320-A;100;215;47;39;51.5;410000;500000;54000;3400;2750;0.35;1.74;0.96
31320-X;100;215;51;35;56.5;385000;480000;51000;3200;2550;0.83;0.73;0.4
32320-B-XL;100;215;73;60;77.5;680000;780000;114000;3550;2500;0.35;1.74;0.96
32320-A;100;215;73;60;77.5;610000;840000;94000;3250;2360;0.53;1.13;0.62
32921;105;145;25;20;25;128000;217000;25500;4700;2650;0.34;1.75;0.96
T4CB105;105;150;22.5;17.5;24;121000;185000;20700;4600;2650;0.49;1.22;0.67
33021;105;160;43;34;43;265000;450000;53000;4150;2850;0.28;2.12;1.17
32021-X-XL;105;160;35;26;35;238000;330000;49500;4650;2800;0.44;1.35;0.74
T2EE105;105;170;46;39;47;315000;495000;58000;3950;2500;0.33;1.83;1.01
33121;105;175;56;44;56;360000;600000;71000;3750;2600;0.4;1.48;0.82
33221;105;190;68;52;68;495000;760000;88000;3500;2480;0.4;1.49;0.82
30221-XL;105;190;36;30;39;330000;370000;52000;4150;2700;0.42;1.43;0.79
32221-XL;105;190;50;43;53;455000;550000;82000;4000;2550;0.42;1.43;0.79
30321-XL;105;225;49;41;53.5;530000;560000;76000;3600;2550;0.35;1.74;0.96
31321-X-XL;105;225;53;36;58;480000;510000;70000;3350;2440;0.83;0.73;0.4
32321-A;105;225;77;63;81.5;670000;930000;103000;3100;2220;0.35;1.74;0.96
32922;110;150;25;20;25;133000;231000;27000;4550;2500;0.36;1.69;0.93
T4CB110;110;160;25.5;19.5;27;148000;222000;24800;4300;2600;0.44;1.36;0.75
33022;110;170;47;37;47;295000;520000;61000;3950;2750;0.29;2.09;1.15
32022-X-XL;110;170;38;29;38;285000;395000;59000;4350;2650;0.43;1.39;0.77
T2EE110;110;175;46;39;47;325000;520000;60000;3800;2400;0.34;1.78;0.98
33122-XL;110;180;56;43;56;440000;630000;95000;4000;2460;0.42;1.43;0.79
30222-XL;110;200;38;32;41;375000;420000;59000;3950;2550;0.42;1.43;0.79
32222-XL;110;200;53;46;56;490000;590000;86000;3800;2410;0.42;1.43;0.79
30322-XL;110;240;50;42;54.5;570000;600000;79000;3350;2340;0.35;1.74;0.96
31322-X-XL;110;240;57;38;63;550000;590000;78000;3100;2250;0.83;0.73;0.4
32322-A;110;240;80;65;84.5;740000;1020000;126000;2900;2030;0.35;1.74;0.96
32924;120;165;29;23;29;176000;305000;35000;4100;2370;0.35;1.72;0.95
T4CB120-XL;120;170;25;19.5;27;181000;238000;33000;4400;2420;0.47;1.27;0.7
33024;120;180;48;38;48;310000;560000;65000;3700;2600;0.31;1.97;1.08
32024-X-XL;120;180;38;29;38;295000;420000;62000;4050;2460;0.46;1.31;0.72
T2EE120;120;190;49;41;50;360000;590000;67000;3500;2230;0.32;1.86;1.02
33124;120;200;62;48;62;460000;770000;87000;3250;2160;0.4;1.51;0.83
30224-XL;120;215;40;34;43.5;395000;445000;62000;3650;2470;0.43;1.38;0.76
32224-XL;120;215;58;50;61.5;570000;730000;105000;3450;2150;0.43;1.38;0.76
31324-X-XL;120;260;62;42;68;640000;700000;92000;2850;2020;0.83;0.73;0.4
32324;120;260;86;69;90.5;670000;970000;118000;2750;2060;0.39;1.53;0.84
30324-A;120;260;55;46;59.5;560000;700000;83000;2800;2150;0.35;1.74;0.96
32926;130;180;32;25;32;208000;370000;41500;3750;2220;0.34;1.77;0.97
T4CB130;130;185;27;21;29;179000;275000;29500;3700;2280;0.47;1.27;0.7
33026;130;200;55;43;55;410000;740000;83000;3250;2260;0.34;1.76;0.97
32026-X-XL;130;200;45;34;45;385000;550000;79000;3650;2320;0.43;1.38;0.76
30226-XL;130;230;40;34;43.75;420000;470000;63000;3400;2290;0.44;1.38;0.76
32226-XL;130;230;64;54;67.75;660000;850000;120000;3200;1980;0.43;1.38;0.76
30326-XL;130;280;58;49;63.75;770000;850000;110000;2850;1870;0.35;1.74;0.96
31326-X-XL;130;280;66;44;72;720000;790000;101000;2650;1860;0.83;0.73;0.4
32326;130;280;93;78;98.75;830000;1120000;133000;2500;1860;0.34;1.75;0.96
32928;140;190;32;25;32;214000;395000;43000;3500;2070;0.36;1.67;0.92
T4CB140;140;195;27;21;29;190000;305000;32000;3450;2100;0.5;1.19;0.66
33028;140;210;56;44;56;415000;770000;85000;3100;2140;0.36;1.67;0.92
32028-X-XL;140;210;45;34;45;400000;590000;84000;3450;2180;0.46;1.31;0.72
T2ED140;140;215;52;44;53;430000;730000;80000;3050;1860;0.32;1.88;1.04
30228-XL;140;250;42;36;45.75;490000;560000;74000;3100;2040;0.43;1.38;0.76
32228-XL;140;250;68;58;71.75;760000;990000;137000;2950;1760;0.43;1.38;0.76
30328-XL;140;300;62;53;67.75;690000;730000;93000;2750;2000;0.28;2.18;1.2
31328-X-XL;140;300;70;47;77;830000;910000;114000;2470;1690;0.83;0.73;0.4
32328-XL;140;300;102;85;107.75;1390000;1710000;224000;2500;1450;0.35;1.74;0.96
32930;150;210;38;30;38;285000;495000;53000;3200;2040;0.33;1.83;1.01
T4DB150;150;210;30;23;32;217000;345000;33500;3250;2040;0.46;1.3;0.72
32030-X-XL;150;225;48;36;48;455000;680000;94000;3200;1990;0.46;1.31;0.72
33030-XL;150;225;59;46;59;550000;890000;124000;3150;1910;0.36;1.64;0.9
T2ED150;150;225;52;44;53;435000;760000;83000;2900;1740;0.34;1.79;0.98
30230-XL;150;270;45;38;49;550000;630000;82000;2900;1880;0.43;1.38;0.76
32230-XL;150;270;73;60;77;870000;1150000;156000;2750;1590;0.43;1.38;0.76
30330-A;150;320;65;55;72;800000;1030000;113000;2270;1630;0.35;1.74;0.96
31330-X-XL;150;320;75;50;82;930000;1040000;128000;2300;1540;0.83;0.73;0.4
32330-A;150;320;108;90;114;1330000;1950000;222000;2120;1320;0.35;1.74;0.96
32932;160;220;38;30;38;295000;530000;56000;3000;1900;0.35;1.73;0.95
T4DB160;160;220;30;23;32;226000;370000;38000;3050;1910;0.49;1.23;0.68
T2ED160;160;235;52;44;53;455000;820000;100000;2800;1610;0.35;1.71;0.94
32032-X-XL;160;240;51;38;51;500000;740000;102000;3000;1850;0.46;1.31;0.72
30232-XL;160;290;48;40;52;630000;790000;101000;2650;1610;0.43;1.38;0.76
32232-XL;160;290;80;67;84;1030000;1380000;184000;2550;1430;0.43;1.38;0.76
32332;160;340;114;95;121;1170000;1740000;194000;2030;1390;0.38;1.58;0.87
30332-A;160;340;68;58;75;890000;1140000;123000;2130;1500;0.35;1.74;0.96
32934;170;230;38;30;38;295000;560000;59000;2850;1790;0.38;1.57;0.86
T4DB170;170;230;30;23;32;228000;390000;39500;2950;1790;0.46;1.3;0.72
T2ED170;170;245;52;44;53;470000;860000;103000;2650;1500;0.33;1.84;1.01
32034-X-XL;170;260;57;43;57;600000;880000;119000;2750;1690;0.44;1.35;0.74
30234-XL;170;310;52;43;57;690000;810000;101000;2500;1590;0.43;1.38;0.76
32234-XL;170;310;86;71;91;1160000;1560000;204000;2350;1310;0.43;1.38;0.76
32334;170;360;120;100;127;1640000;2550000;280000;1870;1090;0.36;1.67;0.92
30334-A;170;360;72;62;80;1040000;1360000;146000;1990;1340;0.35;1.74;0.96
T4DB180;180;240;30;23;32;230000;400000;44500;2800;1710;0.48;1.24;0.68
32936;180;250;45;34;45;360000;710000;84000;2600;1670;0.48;1.25;0.69
T2ED180;180;255;52;44;53;475000;890000;106000;2550;1420;0.34;1.77;0.97
32036-X-XL;180;280;64;48;64;740000;1100000;144000;2550;1510;0.42;1.42;0.78
30236-XL;180;320;52;43;57;720000;850000;105000;2420;1510;0.45;1.33;0.73
32236-XL;180;320;86;71;91;1190000;1640000;213000;2270;1240;0.45;1.33;0.73
30336;180;380;75;64;83;1120000;1470000;155000;1880;1250;0.35;1.74;0.96
32336;180;380;126;106;134;1440000;2170000;236000;1810;1200;0.38;1.58;0.87
32938;190;260;45;34;45;370000;750000;89000;2490;1560;0.48;1.26;0.69
T4DB190;190;260;34;27;37;300000;520000;60000;2600;1630;0.45;1.33;0.73
T2ED190;190;270;55;46;56;530000;1000000;118000;2400;1310;0.33;1.84;1.01
32038-X-XL;190;290;64;48;64;740000;1120000;147000;2460;1440;0.44;1.36;0.75
30238-XL;190;340;55;46;60;800000;930000;113000;2270;1390;0.43;1.38;0.76
32238-XL;190;340;92;75;97;1340000;1820000;231000;2120;1150;0.43;1.38;0.76
30338;190;400;78;65;86;1210000;1600000;165000;1800;1180;0.35;1.74;0.96
32338;190;400;132;109;140;1960000;2950000;315000;1680;970;0.35;1.73;0.95
T4DB200;200;270;34;27;37;310000;550000;63000;2460;1530;0.47;1.27;0.7
32940-A;200;280;51;39;51;495000;930000;107000;2320;1410;0.39;1.52;0.84
T2ED200;200;280;55;46;56;540000;1040000;120000;2300;1240;0.34;1.77;0.97
32040-X-XL;200;310;70;53;70;900000;1380000;176000;2290;1280;0.43;1.39;0.77
30240-XL;200;360;58;48;64;900000;1060000;127000;2140;1290;0.43;1.38;0.76
32240-XL;200;360;98;82;104;1570000;2080000;255000;2030;1080;0.41;1.48;0.81
30340;200;420;80;67;89;1300000;1720000;174000;1700;1100;0.35;1.74;0.96
32340-XL;200;420;138;115;146;2550000;3400000;405000;1740;870;0.36;1.67;0.92
T4DB220;220;290;34;27;37;320000;590000;66000;2270;1370;0.51;1.17;0.64
32944;220;300;51;39;51;495000;980000;110000;2150;1280;0.43;1.41;0.78
T2ED220;220;300;55;46;56;570000;1140000;130000;2140;1100;0.32;1.87;1.03
32044-X-XL;220;340;76;57;76;1060000;1640000;204000;2080;1130;0.43;1.39;0.77
30244-XL;220;400;65;54;72;1120000;1330000;150000;1930;1130;0.42;1.43;0.79
32244-XL;220;400;108;90;114;1820000;2550000;305000;1800;920;0.43;1.38;0.76
30344;220;460;88;73;97;1440000;1880000;185000;1560;1030;0.35;1.74;0.96
32344;220;460;145;122;154;2400000;3650000;370000;1470;820;0.35;1.74;0.96
32948;240;320;51;39;51;510000;1050000;116000;2000;1160;0.46;1.31;0.72
T2EE240;240;320;56;46;57;590000;1250000;138000;2000;1000;0.34;1.74;0.96
32048-X-XL;240;360;76;57;76;1060000;1680000;207000;1950;1060;0.46;1.31;0.72
30248-XL;240;440;72;60;79;1030000;1260000;141000;1800;1130;0.36;1.68;0.92
32248-XL;240;440;120;100;127;2190000;3100000;365000;1630;810;0.43;1.38;0.76
30348;240;500;95;80;105;1780000;2410000;233000;1430;870;0.35;1.74;0.96
32348-XL;240;500;155;132;165;3300000;4300000;480000;1480;720;0.35;1.74;0.96
T4DB260;260;340;39;30;42;415000;770000;76000;1930;1130;0.49;1.23;0.67
32952-XL;260;360;63.5;48;63.5;890000;1500000;181000;1960;1000;0.41;1.48;0.81
32052-X-XL;260;400;87;65;87;1360000;2140000;255000;1760;910;0.43;1.38;0.76
30252-XL;260;480;80;67;89;1730000;2090000;224000;1580;860;0.4;1.48;0.81
32252-XL;260;480;130;106;137;2650000;3800000;430000;1480;690;0.43;1.39;0.77
30352;260;540;102;85;113;1940000;2600000;247000;1320;820;0.35;1.73;0.95
32352;260;540;165;136;176;3150000;4900000;475000;1240;650;0.35;1.74;0.96
32956-XL;280;380;63.5;48;63.5;880000;1520000;184000;1840;940;0.43;1.39;0.76
32056-X-XL;280;420;87;65;87;1420000;2300000;270000;1670;840;0.46;1.31;0.72
30256-XL;280;500;80;67;89;1740000;2130000;229000;1520;830;0.45;1.33;0.73
32256-XL;280;500;130;106;137;2700000;3950000;445000;1410;650;0.45;1.34;0.73
30356;280;580;108;90;119;2300000;3150000;285000;1230;710;0.35;1.74;0.96
32356;280;580;175;145;187;3600000;5700000;530000;1150;570;0.35;1.74;0.96
32960-XL;300;420;76;57;76;1170000;2040000;238000;1660;810;0.39;1.52;0.84
32060-X-XL;300;460;100;74;100;1780000;2850000;330000;1520;750;0.43;1.38;0.76
30260-XL;300;540;85;71;96;2020000;2440000;255000;1410;750;0.43;1.38;0.76
32260-XL;300;540;140;115;149;3150000;4550000;500000;1310;590;0.43;1.38;0.76
32964-XL;320;440;76;57;76;1260000;2280000;260000;1580;730;0.42;1.44;0.79
32064-X-XL;320;480;100;74;100;1850000;3050000;350000;1440;690;0.46;1.31;0.72
30264-XL;320;580;92;75;104;2310000;3000000;305000;1290;650;0.43;1.38;0.76
32264-XL;320;580;150;125;159;3550000;5200000;560000;1210;530;0.43;1.38;0.76
32968-XL;340;460;76;57;76;1270000;2370000;300000;1500;690;0.44;1.37;0.75
32972-XL;360;480;76;57;76;1260000;2370000;265000;1430;660;0.46;1.31;0.72
