Designation;d;D;B;C [N];C0 [N];Cu [N];Limiting speed;Reference speed;f0
682-2Z;2;5;2.3;180;49.5;1.26;137000;114000;12.9
692-2Z;2;6;3;350;99;2.6;112000;107000;11.5
602-2Z;2;7;3.5;410;128;7.3;102000;89000;12.7
683-2Z;3;7;3;330;112;2.9;103000;79000;14
693-2Z;3;8;4;590;180;4.65;87000;83000;11.9
623-2Z;3;10;4;670;218;11.1;84000;80000;12.3
684-2Z;4;9;4;680;225;5.8;81000;71000;12.7
604-2Z;4;12;4;1020;345;19.7;69000;59000;12.3
624-2Z;4;13;5;1380;485;24.6;61000;53000;12.2
634-2Z;4;16;5;1840;670;40.5;53000;42000;12.4
685-2Z;5;11;5;760;280;7.3;71000;61000;���
605-2Z;5;14;5;1410;510;29;58000;49000;12.9
625-2Z;5;16;5;1560;600;28.5;55000;43500;13.2
635-2Z;5;19;6;2600;1050;53;45000;34000;13
686-2Z;6;13;5;1150;440;11.4;61000;49000;13.8
606-2Z;6;17;6;2090;740;42;49000;43500;12.2
626-2Z;6;19;6;2600;1050;53;45000;35000;13
687-2Z;7;14;5;1250;510;13.2;58000;43500;14.2
607-2Z;7;19;6;2800;1060;65;44500;37500;12.4
627-2Z;7;22;7;3500;1360;69;40500;35000;12.3
688-2Z;8;16;5;1330;590;15.2;53000;37000;14.8
608-2Z;8;22;7;3500;1370;69;40000;34500;12.4
628-2Z;8;24;8;3550;1410;89;38500;34500;12.8
689-2Z;9;17;5;1410;660;17.1;51000;33500;15
609-2Z;9;24;7;3900;1640;83;38000;30000;13
629-C;9;26;8;5000;1970;133;44500;29500;12.4
629-C-2BRS;9;26;8;5000;1970;133;38000;29500;12.4
629-C-2HRS;9;26;8;5000;1970;133;30000;���;12.4
629-C-2Z;9;26;8;5000;1970;133;38000;29500;12.4
61800;10;19;5;1820;840;56;54000;27500;14.8
61800-2RSR;10;19;5;1820;840;56;21100;���;14.8
61800-2Z;10;19;5;1820;840;56;46000;27500;14.8
61900;10;22;6;2850;1270;65;48000;27000;14
61900-2RSR;10;22;6;2850;1270;65;19200;���;14
61900-2Z;10;22;6;2850;1270;65;41000;27000;14
6000-C;10;26;8;5000;1970;133;44500;30000;12.4
6000-C-2BRS;10;26;8;5000;1970;133;38000;30000;12.4
6000-C-2HRS;10;26;8;5000;1970;133;30000;���;12.4
6000-C-2Z;10;26;8;5000;1970;133;38000;30000;12.4
6200-C;10;30;9;6600;2600;177;40500;26000;12
6200-C-2BRS;10;30;9;6600;2600;177;34500;26000;12
6200-C-2HRS;10;30;9;6600;2600;177;27000;���;12
6200-C-2Z;10;30;9;6600;2600;177;34500;26000;12
62200-2RSR;10;30;14;6200;2600;194;16700;���;12
6300;10;35;11;8600;3450;174;31000;21100;11.3
6300-2RSR;10;35;11;8600;3450;174;9500;���;11.3
6300-2Z;10;35;11;8600;3450;174;26500;21100;11.3
62300-2RSR;10;35;17;8500;3450;265;14900;���;11.3
61801;12;21;5;1890;910;46;42500;23500;13.4
61801-2RSR;12;21;5;1890;910;46;18100;���;13.4
61801-2Z;12;21;5;1890;910;46;42500;23500;13.4
61901;12;24;6;3050;1460;75;45000;23300;14.5
61901-2RSR;12;24;6;3050;1460;75;16700;���;14.5
61901-2Z;12;24;6;3050;1460;75;38000;23300;14.5
6001-C;12;28;8;5500;2370;158;42500;26000;13.1
6001-C-2BRS;12;28;8;5500;2370;158;36000;26000;13.1
6001-C-2HRS;12;28;8;5500;2370;158;26000;���;13.1
6001-C-2Z;12;28;8;5500;2370;158;36000;26000;13.1
6201-C;12;32;10;7600;3100;208;37000;24600;12.3
6201-C-2BRS;12;32;10;7600;3100;208;31500;24600;12.3
6201-C-2HRS;12;32;10;7600;3100;208;23400;���;12.3
6201-C-2Z;12;32;10;7600;3100;208;31500;24600;12.3
62201-2RSR;12;32;14;7200;3100;236;14600;���;12.3
62301-2RSR;12;37;17;10300;4200;320;13900;���;11.1
6301-C;12;37;12;10900;4200;280;31000;21900;11.1
6301-C-2BRS;12;37;12;10900;4200;280;26500;21900;11.1
6301-C-2HRS;12;37;12;10900;4200;280;21700;���;11.1
6301-C-2Z;12;37;12;10900;4200;280;26500;21900;11.1
61802;15;24;5;2050;1100;56;45000;19200;13.9
61802-2RSR;15;24;5;2050;1100;56;15000;���;13.9
61802-2Z;15;24;5;2050;1100;56;38000;19200;13.9
61902;15;28;7;4600;2260;128;38000;20600;14.3
61902-2RSR;15;28;7;4600;2260;128;14200;���;14.3
61902-2Z;15;28;7;4600;2260;128;32000;20600;14.3
16002;15;32;8;5900;2850;144;33500;20000;14
6002-C;15;32;9;6000;2850;171;37000;23200;14
6002-C-2BRS;15;32;9;6000;2850;171;31500;23200;14
6002-C-2HRS;15;32;9;6000;2850;171;21000;���;14
6002-C-2Z;15;32;9;6000;2850;171;31500;23200;14
6202-C;15;35;11;8400;3750;250;33000;21900;13
6202-C-2BRS;15;35;11;8400;3750;250;28000;22000;13
6202-C-2HRS;15;35;11;8400;3750;250;20000;���;13
6202-C-2Z;15;35;11;8400;3750;250;28000;21900;13
62202-2RSR;15;35;14;8200;3750;191;12700;���;13
62302-2RSR;15;42;17;11900;5300;410;11500;���;12
6302-C;15;42;13;12600;5300;360;27500;19200;12
6302-C-2BRS;15;42;13;12600;5300;360;23500;19200;12
6302-C-2HRS;15;42;13;12600;5300;360;17700;���;12
6302-C-2Z;15;42;13;12600;5300;360;23500;19200;12
61803;17;26;5;2210;1280;65;41500;17100;14.1
61803-2RSR;17;26;5;2210;1280;65;13500;���;14.1
61803-2Z;17;26;5;2210;1280;65;35000;17100;14.1
61903;17;30;7;4900;2550;146;34500;17800;14.7
61903-2RSR;17;30;7;4900;2550;146;12700;���;14.7
61903-2Z;17;30;7;4900;2550;146;29000;17800;14.7
6003;17;35;10;6400;3250;157;31000;20300;14.3
16003;17;35;8;6400;3250;165;31000;17700;14.3
6003-2RSR;17;35;10;6400;3250;157;11800;���;14.3
6003-2Z;17;35;10;6400;3250;157;26000;20300;14.3
6203-C;17;40;12;10400;4750;320;29000;20100;13
6203-C-2BRS;17;40;12;10400;4750;320;24600;20100;13
6203-C-2HRS;17;40;12;10400;4750;320;17600;���;13
6203-C-2Z;17;40;12;10400;4750;320;24600;20100;13
62203-2RSR;17;40;16;10000;4750;345;11100;���;13
62303-2RSR;17;47;19;14300;6600;510;9700;���;12.4
6303-C;17;47;14;15000;6500;440;24500;17400;12.2
6303-C-2BRS;17;47;14;15000;6500;440;20800;17400;12.2
6303-C-2HRS;17;47;14;15000;6500;440;15700;���;12.2
6303-C-2Z;17;47;14;15000;6500;440;20800;17400;12.2
6403;17;62;17;23800;11500;750;16200;11600;12.4
61804;20;32;7;3950;2130;108;33500;17200;13.4
61804-2RSR;20;32;7;3950;2130;108;11500;���;13.4
61804-2Z;20;32;7;3950;2130;108;28500;17200;13.4
61904;20;37;9;6800;3700;226;28500;17000;14.8
61904-2RSR;20;37;9;6800;3700;226;10600;���;14.8
61904-2Z;20;37;9;6800;3700;226;24200;17000;14.8
16004;20;42;8;7400;4100;207;26000;14300;14.9
6004-C;20;42;12;10000;5000;305;27500;19700;13.8
6004-C-2BRS;20;42;12;10000;5000;305;23200;19700;13.8
6004-C-2HRS;20;42;12;10000;5000;305;15800;���;13.8
6004-C-2Z;20;42;12;10000;5000;305;23200;19700;13.8
6204-C;20;47;14;13900;6600;445;24300;18100;13.1
6204-C-2BRS;20;47;14;13900;6600;445;20600;18100;13.1
6204-C-2HRS;20;47;14;13900;6600;445;15000;���;13.1
6204-C-2Z;20;47;14;13900;6600;445;20600;18100;13.1
62204-2RSR;20;47;18;13400;6600;475;9400;���;13.1
6304;20;52;15;16900;7900;530;19800;14400;12.4
62304-2RSR;20;52;21;16900;7900;540;8900;���;12.4
6304-2RSR;20;52;15;16900;7900;530;8800;���;12.4
6304-2Z;20;52;15;16900;7900;530;16800;14400;12.4
6404;20;72;19;30500;16200;820;13700;9800;13
61805;25;37;7;4250;2550;129;28000;13900;13.9
61805-2RSR;25;37;7;4250;2550;129;9500;���;13.9
61805-2Z;25;37;7;4250;2550;129;24000;13900;13.9
61905;25;42;9;7400;4550;280;24200;13500;15.4
61905-2RSR;25;42;9;7400;4550;280;8700;���;15.4
61905-2Z;25;42;9;7400;4550;280;20500;13500;15.4
6005;25;47;12;10700;5900;305;21900;15200;14.6
16005;25;47;8;7700;4650;234;22900;12000;15.5
6005-2RSR;25;47;12;10700;5900;305;8400;���;14.6
6005-2Z;25;47;12;10700;5900;305;18600;15200;14.6
6205-C;25;52;15;15000;7800;485;21600;16000;13.8
6205-C-2BRS;25;52;15;15000;7800;485;18400;16000;13.8
6205-C-2HRS;25;52;15;15000;7800;485;12700;���;13.8
6205-C-2Z;25;52;15;15000;7800;485;18400;16000;13.8
62205-2RSR;25;52;18;14900;7900;530;7900;���;13.9
62305-2RSR;25;62;24;23800;11500;770;7300;���;12.4
6305-C;25;62;17;24700;11500;780;17800;13500;12.4
6305-C-2BRS;25;62;17;24700;11500;780;15100;13500;12.4
6305-C-2HRS;25;62;17;24700;11500;780;11300;���;12.4
6305-C-2Z;25;62;17;24700;11500;780;15100;13500;12.4
6405;25;80;21;35500;19100;1250;12300;9400;13.1
61806;30;42;7;4500;2950;149;24500;11500;14.2
61806-2RSR;30;42;7;4500;2950;149;8100;���;14.2
61806-2Z;30;42;7;4500;2950;149;20800;11500;14.2
61906;30;47;9;7700;5000;310;21700;11900;15.7
61906-2RSR;30;47;9;7700;5000;310;7600;���;15.7
61906-2Z;30;47;9;7700;5000;310;18400;11900;15.7
6006;30;55;13;13500;8000;390;18500;13100;14.8
16006;30;55;9;11900;7300;370;18900;10500;15.1
6006-2RSR;30;55;13;13500;8000;390;7000;���;14.8
6006-2Z;30;55;13;13500;8000;390;15700;13100;14.8
6206-C;30;62;16;20800;11300;700;17800;13400;13.8
6206-C-2BRS;30;62;16;20800;11300;700;15100;13400;13.8
6206-C-2HRS;30;62;16;20800;11300;700;10600;���;13.8
6206-C-2Z;30;62;16;20800;11300;700;15100;13400;13.8
62206-2RSR;30;62;20;20700;11300;570;6700;���;13.8
62306-2RSR;30;72;27;30000;15800;1060;6000;���;13
6306-C;30;72;19;32000;16200;1090;15100;11500;13
6306-C-2BRS;30;72;19;32000;16200;1090;12800;11500;13
6306-C-2HRS;30;72;19;32000;16200;1090;8900;���;13
6306-C-2Z;30;72;19;32000;16200;1090;12800;11500;13
6406;30;90;23;45500;25000;1640;10800;8600;13
61807;35;47;7;4700;3350;170;21600;9900;14.4
61807-2RSR;35;47;7;4700;3350;170;7000;���;14.4
61807-2Z;35;47;7;4700;3350;170;18300;9900;14.4
61907;35;55;10;10100;6800;410;18300;10500;15.7
61907-2RSR;35;55;10;10100;6800;345;6500;���;15.7
61907-2Z;35;55;10;10100;6800;410;15600;10500;15.7
6007;35;62;14;17000;10300;550;16100;11600;14.9
16007;35;62;9;13000;8800;445;16700;8900;15.6
6007-2RSR;35;62;14;17000;10300;550;6200;���;14.9
6007-2Z;35;62;14;17000;10300;550;13700;11700;14.9
6207-C;35;72;17;28000;15400;1030;15000;11300;13.9
6207-C-2BRS;35;72;17;28000;15400;1030;12700;11300;13.9
6207-C-2HRS;35;72;17;28000;15400;1030;8800;���;13.9
6207-C-2Z;35;72;17;28000;15400;1030;12700;11300;13.9
62207-2RSR;35;72;23;27500;15300;770;5700;���;13.8
62307-2RSR;35;80;31;35500;19100;1280;5300;���;13.1
6307-C;35;80;21;37000;19100;1290;13600;10900;13.1
6307-C-2BRS;35;80;21;37000;19100;1290;11500;10900;13.1
6307-C-2HRS;35;80;21;37000;19100;1290;8300;���;13.1
6307-C-2Z;35;80;21;37000;19100;1290;11500;10900;13.1
6407;35;100;25;56000;31500;2180;9500;7900;12.9
61808;40;52;7;4900;3750;191;19300;8600;14.6
61808-2RSR;40;52;7;4900;3750;191;6200;���;14.6
61808-2Z;40;52;7;4900;3750;191;16400;8600;14.6
61908;40;62;12;14500;9900;580;15800;10000;15.5
61908-2RSR;40;62;12;14500;9900;580;5700;���;15.5
61908-2Z;40;62;12;14500;9900;580;13500;10000;15.5
6008;40;68;15;17800;11500;580;14600;10700;15.2
16008;40;68;9;14100;10200;520;15700;8400;15.8
6008-2RSR;40;68;15;17800;11500;580;5400;���;15.2
6008-2Z;40;68;15;17800;11500;580;12400;10600;15.2
6208-C;40;80;18;31500;17800;1200;13600;10500;14
6208-C-2BRS;40;80;18;31500;17800;1200;11600;10500;14
6208-C-2HRS;40;80;18;31500;17800;1200;8000;���;14
6208-C-2Z;40;80;18;31500;17800;1200;11600;10500;14
62208-2RSR;40;80;23;31000;17800;1200;5000;���;14
62308-2RSR;40;90;33;46500;26000;1730;4750;���;13
6308-C;40;90;23;47000;25000;1690;11800;9900;13
6308-C-2BRS;40;90;23;47000;25000;1690;10100;9900;13
6308-C-2HRS;40;90;23;47000;25000;1690;7400;���;13
6308-C-2Z;40;90;23;47000;25000;1690;10100;9900;13
6408;40;110;27;68000;38500;2600;9500;7400;13.3
61809-2RSR-Y;45;58;7;7000;5900;385;5400;���;16.3
61809-2RZ-Y;45;58;7;7000;5900;385;14300;7300;16.3
61809-Y;45;58;7;7000;5900;385;21900;7300;16.3
61909;45;68;12;15000;10900;630;14400;8800;16
61909-2RSR;45;68;12;15000;10900;630;5100;���;16
61909-2RZ;45;68;12;15000;10900;630;12200;8800;16
6009;45;75;16;21200;14400;730;13100;9700;15.3
16009;45;75;10;16500;12300;700;13100;6900;16.1
6009-2RSR;45;75;16;21200;14400;730;4950;���;15.3
6009-2Z;45;75;16;21200;14400;730;11200;9700;15.3
6209-C;45;85;19;34000;20300;1370;12700;9900;14.3
6209-C-2BRS;45;85;19;34000;20300;1370;10800;9900;14.3
6209-C-2HRS;45;85;19;34000;20300;1370;7100;���;14.3
6209-C-2Z;45;85;19;34000;20300;1370;10800;9900;14.3
62209-2RSR;45;85;23;34500;20300;1370;4650;���;14
62309-2RSR;45;100;36;56000;31500;2180;4300;���;12.9
6309-C;45;100;25;58000;31500;2140;10500;9100;12.9
6309-C-2BRS;45;100;25;58000;31500;2140;8900;9100;12.9
6309-C-2HRS;45;100;25;58000;31500;2140;6400;���;12.9
6309-C-2Z;45;100;25;58000;31500;2140;8900;9100;12.9
6409;45;120;29;83000;47500;3150;8500;6800;12.9
61810-2RSR-Y;50;65;7;7200;6300;425;4850;���;16
61810-2RZ-Y;50;65;7;7200;6300;425;12900;6400;16
61810-Y;50;65;7;7200;6300;425;19700;6400;16
61910;50;72;12;15400;11700;680;13400;8100;16.1
61910-2RSR;50;72;12;15400;11700;680;4700;���;16.1
61910-2RZ;50;72;12;15400;11700;680;11400;8100;16.1
16010;50;80;10;17100;13200;670;12500;6700;16.2
6010;50;80;16;22000;15800;770;12200;8900;15.6
6010-2Z;50;80;16;22000;15800;770;10400;8900;15.6
6010-2RSR;50;80;16;22000;15800;770;4450;���;15.6
6210-C;50;90;20;38000;23200;1540;11700;9200;14.4
6210-C-2BRS;50;90;20;38000;23200;1540;9900;9200;14.4
6210-C-2HRS;50;90;20;38000;23200;1540;6400;���;14.4
6210-C-2Z;50;90;20;38000;23200;1540;9900;9200;14.4
62210-2RSR;50;90;23;37500;23200;1560;4250;���;14.4
62310-2RSR;50;110;40;66000;38000;2600;3950;���;13.1
6310-C;50;110;27;68000;38000;2550;9500;8400;13.1
6310-C-2BRS;50;110;27;68000;38000;2550;8000;8400;13.1
6310-C-2HRS;50;110;27;68000;38000;2550;5800;���;13.1
6310-C-2Z;50;110;27;68000;38000;2550;8000;8400;13.1
6410;50;130;31;89000;52000;3500;7900;6500;13.2
6011;55;90;18;30000;21200;1120;10700;8300;15.3
6011-2RSR;55;90;18;30000;21200;1120;4100;���;15.3
6011-2Z;55;90;18;30000;21200;1120;9100;8300;15.3
61811-2RSR-Y;55;72;9;9600;8500;510;4400;���;16.3
61811-2RZ-Y;55;72;9;9600;8500;510;11500;6600;16.3
61811-Y;55;72;9;9600;8500;510;17500;6600;16.3
61911;55;80;13;17700;14100;760;12100;7500;16.3
61911-2RSR;55;80;13;17700;14100;760;4250;���;16.3
61911-2RZ;55;80;13;17700;14100;760;10300;7500;16.3
16011;55;90;11;20600;16300;910;10900;6000;16.2
6211;55;100;21;46000;29000;1720;9500;7500;14.2
6211-2RSR;55;100;21;46000;29000;1720;3900;���;14.2
6211-2Z;55;100;21;46000;29000;1720;8000;7500;14.2
62211-2RSR;55;100;25;44500;29000;1720;3900;���;14.2
6311-C;55;120;29;83000;47500;3200;8500;7800;12.9
6311-C-2BRS;55;120;29;83000;47500;3200;7200;7800;12.9
6311-C-2HRS;55;120;29;83000;47500;3200;5300;���;12.9
6311-C-2Z;55;120;29;83000;47500;3200;7200;7800;12.9
6411;55;140;33;100000;60000;3900;7300;6200;13.2
61812-2RSR-Y;60;78;10;12600;11100;690;4100;���;16.3
61812-2RZ-Y;60;78;10;12600;11100;690;10400;6300;16.3
61812-Y;60;78;10;12600;11100;690;15900;6300;16.3
61912;60;85;13;17400;14300;770;11300;6900;16.5
61912-2RSR;60;85;13;17400;14300;770;3950;���;16.5
6012;60;95;18;31500;23200;1190;10100;7600;15.6
16012;60;95;11;21200;17500;820;10500;5700;16.3
6012-2RSR;60;95;18;31500;23200;1190;3750;���;15.6
6012-2Z;60;95;18;31500;23200;1190;8500;7600;15.6
6212;60;110;22;57000;36500;2470;9300;6800;14.5
6212-2RSR;60;110;22;57000;36500;2470;3550;���;14.5
6212-2Z;60;110;22;57000;36500;2470;7900;6800;14.5
62212-2RSR;60;110;28;56000;36000;2480;3550;���;14.3
6312-C;60;130;31;89000;52000;3500;7900;7400;13.2
6312-C-2BRS;60;130;31;89000;52000;3500;6700;7400;13.2
6312-C-2HRS;60;130;31;89000;52000;3500;4800;���;13.2
6312-C-2Z;60;130;31;89000;52000;3500;6700;7400;13.2
6412;60;150;35;115000;69000;4450;6800;5900;13.4
61813-2RSR-Y;65;85;10;13000;12000;760;3750;���;16.2
61813-2RZ-Y;65;85;10;13000;12000;760;9600;5700;16.2
61813-Y;65;85;10;13000;12000;760;14700;5700;16.2
61913;65;90;13;18500;16100;870;10600;6400;16.6
61913-2RSR;65;90;13;18500;16100;870;3650;���;16.6
61913-2RZ;65;90;13;18500;16100;810;9000;6400;16.6
6013;65;100;18;32500;25000;1270;9500;7100;15.7
16013;65;100;11;22500;19700;910;9900;5300;16.5
6013-2RSR;65;100;18;32500;25000;1270;3500;���;15.7
6013-2Z;65;100;18;32500;25000;1270;8100;7100;15.7
6213;65;120;23;63000;41500;2750;8600;6300;14.4
6213-2RSR;65;120;23;63000;41500;2750;3250;���;14.4
6213-2Z;65;120;23;63000;41500;2750;7300;6300;14.4
6313-C;65;140;33;101000;60000;4000;7300;7000;13.2
6313-C-2BRS;65;140;33;101000;60000;4000;6200;7000;13.2
6313-C-2HRS;65;140;33;101000;60000;4000;4500;���;13.2
6313-C-2Z;65;140;33;101000;60000;4000;6200;7000;13.2
6413;65;160;37;123000;77000;4750;6300;5600;13.2
61814-2RSR-Y;70;90;10;13200;12400;800;3500;���;16.1
61814-2RZ-Y;70;90;10;13200;12400;800;9000;5300;16.1
61814-Y;70;90;10;13200;12400;800;13800;5300;16.1
61914;70;100;16;25000;21200;1160;9500;6400;16.4
61914-2RSR;70;100;16;25000;21200;1160;3350;���;16.4
61914-2RZ;70;100;16;25000;21200;1160;8100;6400;16.4
6014;70;110;20;40500;31000;1850;8600;6800;15.6
16014;70;110;13;29500;25000;1230;8900;5300;16.2
6014-2RSR;70;110;20;40500;31000;1850;3250;���;15.6
6014-2Z;70;110;20;40500;31000;1850;7300;6800;15.6
6214;70;125;24;66000;44000;2950;8200;6100;14.4
6214-2RSR;70;125;24;66000;44000;2950;3100;���;14.4
6214-2Z;70;125;24;66000;44000;2950;7000;6100;14.4
6314;70;150;35;115000;69000;4450;6800;6100;13.4
6314-2RSR;70;150;35;115000;69000;4450;2800;���;13.4
6314-2Z;70;150;35;115000;69000;4450;5700;6100;13.4
6414;70;180;42;141000;97000;5800;5000;5200;13.3
61815-2RSR-Y;75;95;10;13700;13400;870;3300;���;16.1
61815-2RZ-Y;75;95;10;13700;13400;870;8500;4950;16.1
61815-Y;75;95;10;13700;13400;870;13000;4950;16.1
61915;75;105;16;26000;22600;1240;9000;6000;16.5
6015;75;115;20;42000;33500;1960;8100;6300;15.8
16015;75;115;13;30500;27000;1290;8400;4900;16.5
6015-2RSR;75;115;20;42000;33500;1960;3050;���;15.8
6015-2Z;75;115;20;42000;33500;1960;6900;6300;15.8
6215;75;130;25;70000;49000;3250;7800;5900;14.6
6215-2RSR;75;130;25;70000;49000;3250;2900;���;14.6
6215-2Z;75;130;25;70000;49000;3250;6600;5900;14.6
6315;75;160;37;123000;77000;4750;6300;5800;13.2
6315-2RSR;75;160;37;123000;77000;4750;2650;���;13.2
6315-2Z;75;160;37;123000;77000;4750;5400;5800;13.2
6415-M;75;190;45;141000;97000;5800;6600;5600;13.3
61816-2RSR-Y;80;100;10;13800;13800;900;3100;���;16
61816-2RZ-Y;80;100;10;13800;13800;900;8000;4600;16
61816-Y;80;100;10;13800;13800;900;12300;4600;16
61916;80;110;16;26500;24000;1320;8500;5600;16.6
6016;80;125;22;51000;40000;2340;7500;6100;15.7
16016;80;125;14;34000;31500;1510;7700;4600;16.6
6016-2RSR;80;125;22;51000;40000;2340;2850;���;15.7
6016-2Z;80;125;22;51000;40000;2340;6300;6100;15.7
6216;80;140;26;77000;55000;3550;7300;5500;15
6216-2RSR;80;140;26;77000;55000;3550;2700;���;15
6216-2Z;80;140;26;77000;55000;3550;6200;5500;15
6316;80;170;39;131000;87000;5200;5400;5500;13.3
6316-2RSR;80;170;39;131000;87000;5200;2470;���;13.3
6316-2Z;80;170;39;131000;87000;5200;4550;5500;13.3
6416-M;80;200;48;173000;125000;6900;5900;5400;12.3
61817-2RSR-Y;85;110;13;20400;19800;1130;2850;���;16.2
61817-2RZ-Y;85;110;13;20400;19800;1130;7200;4900;16.2
61817-Y;85;110;13;20400;19800;1130;11100;4900;16.2
61917;85;120;18;34000;31500;1650;7700;5400;16.6
6017;85;130;22;53000;43000;2430;7100;5800;15.7
16017;85;130;14;36000;33500;1840;7400;4400;16.6
6017-2RSR;85;130;22;53000;43000;2430;2700;���;15.7
6017-2Z;85;130;22;53000;43000;2430;6100;5800;15.7
6217;85;150;28;89000;64000;3950;6700;5300;14.8
6217-2RSR;85;150;28;89000;64000;3950;2500;���;14.8
6217-2Z;85;150;28;89000;64000;3950;5700;5300;14.8
6317;85;180;41;141000;97000;5800;5000;5300;13.3
6317-2RSR;85;180;41;141000;97000;5800;2350;���;13.3
6317-2Z;85;180;41;141000;97000;5800;4300;5300;13.3
6417-M;85;210;52;184000;136000;7500;5600;5300;12.3
61818-2RSR-Y;90;115;13;20700;20600;1170;2700;���;16.1
61818-2RZ-Y;90;115;13;20700;20600;1170;6900;4600;16.1
61818-Y;90;115;13;20700;20600;1170;10500;4600;16.1
61918;90;125;18;33500;30500;1490;7400;5200;15.1
6018;90;140;24;62000;49500;2950;6600;5600;15.5
16018;90;140;16;44000;39500;2020;6800;4400;16.4
6018-2RSR;90;140;24;62000;49500;2950;2500;���;15.5
6018-2Z;90;140;24;62000;49500;2950;5600;5600;15.5
6218;90;160;30;102000;74000;4400;6300;5100;14.6
6218-2RSR;90;160;30;102000;74000;4400;2380;���;14.6
6218-2Z;90;160;30;102000;74000;4400;5400;5100;14.6
6318;90;190;43;142000;102000;5800;4900;5100;13.9
6318-2RSR;90;190;43;142000;102000;5800;2170;���;13.9
6318-2Z;90;190;43;142000;102000;5800;4150;5100;13.9
6418-M;90;225;54;209000;162000;8900;5200;4950;12.1
61819-2RSR-Y;95;120;13;21000;21300;1190;2600;���;16.1
61819-2RZ-Y;95;120;13;21000;21300;1190;6600;4350;16.1
61819-Y;95;120;13;21000;21300;1190;10000;4350;16.1
6019;95;145;24;64000;54000;3050;6300;5300;15.8
16019;95;145;16;42500;41000;1990;6600;4150;16.6
6019-2RSR;95;145;24;64000;54000;3050;2420;���;15.8
6019-2Z;95;145;24;64000;54000;3050;5400;5300;15.8
6219;95;170;32;116000;82000;4700;5300;4950;14.5
6219-2RSR;95;170;32;116000;82000;4700;2260;���;14.5
6219-2Z;95;170;32;116000;82000;4700;4550;4950;14.5
6319;95;200;45;154000;113000;6400;4600;4950;13.8
6319-2RSR;95;200;45;154000;113000;6400;2080;���;13.8
6319-2Z;95;200;45;154000;113000;6400;3900;4950;13.8
61820-2RSR-Y;100;125;13;21300;22100;1210;2470;���;16
61820-2RZ-Y;100;125;13;21300;22100;1210;6300;4150;16
61820-Y;100;125;13;21300;22100;1210;9600;4150;16
6020;100;150;24;64000;54000;2950;6100;5100;15.8
16020;100;150;16;46500;44500;2140;6300;4000;16.5
6020-2RSR;100;150;24;64000;54000;2950;2300;���;15.8
6020-2Z;100;150;24;64000;54000;2950;5200;5100;15.8
6220;100;180;34;130000;93000;5400;5000;4800;14.4
6220-2RSR;100;180;34;130000;93000;5400;2140;���;14.4
6220-2Z;100;180;34;130000;93000;5400;4250;4800;14.4
6320;100;215;47;177000;137000;7100;4250;4600;13.7
6320-2RSR;100;215;47;177000;137000;7100;1940;���;13.7
6320-2Z;100;215;47;177000;137000;7100;3600;4600;13.7
61821-2RSR-Y;105;130;13;22100;23600;1280;2360;���;15.9
61821-2RZ-Y;105;130;13;22100;23600;1280;6000;3900;15.9
61821-Y;105;130;13;22100;23600;1280;9200;3900;15.9
61921;105;145;20;46500;44500;2140;6300;4600;16.5
6021;105;160;26;75000;64000;3450;5700;4950;15.7
16021;105;160;18;57000;54000;2390;5900;3950;16.5
6021-2RSR;105;160;26;75000;64000;3450;2200;���;15.7
6021-2Z;105;160;26;75000;64000;3450;4850;4950;15.7
6221;105;190;36;141000;105000;5700;4750;4650;14.4
6221-2RSR;105;190;36;141000;105000;5700;2030;���;14.4
6221-2Z;105;190;36;141000;105000;5700;4000;4650;14.4
6321;105;225;49;188000;150000;7800;4050;4450;13.7
61822-2RSR-Y;110;140;16;30000;30500;1610;2230;���;16
61822-2RZ-Y;110;140;16;30000;30500;1610;5600;4100;16
61822-Y;110;140;16;30000;30500;1610;8500;4100;16
6022;110;170;28;85000;71000;3450;5300;4850;15.7
16022;110;170;19;61000;57000;2800;5500;3850;16.4
6022-2RSR;110;170;28;85000;71000;3450;2080;���;15.7
6022-2Z;110;170;28;85000;71000;3450;4550;4850;15.7
6222;110;200;38;153000;117000;6300;4450;4500;14.3
6222-2Z;110;200;38;153000;117000;6300;3800;4500;14.3
6322;110;240;50;201000;165000;8600;3800;4150;13.8
6322-2RSR;110;240;50;201000;165000;8600;1750;���;13.8
6322-2Z;110;240;50;201000;165000;8600;3250;4150;13.8
61824-2RSR-Y;120;150;16;30500;33000;1680;2060;���;16
61824-2RZ-Y;120;150;16;30500;33000;1680;5100;3750;16
61824-Y;120;150;16;30500;33000;1680;7900;3750;16
6024;120;180;28;88000;77000;3550;5000;4450;15.8
16024;120;180;19;65000;64000;3000;5200;3550;16.5
6024-2RSR;120;180;28;88000;77000;3550;1920;���;15.8
6024-2Z;120;180;28;88000;77000;3550;4250;4450;15.8
6224;120;215;40;154000;123000;6200;4200;4250;14.8
6224-2RSR;120;215;40;154000;123000;6200;1770;���;14.8
6224-2Z;120;215;40;154000;123000;6200;3600;4250;14.8
6324;120;260;55;225000;195000;9500;3500;3800;13.8
61826;130;165;18;40500;43000;1790;5500;3600;16.2
61926-M;130;180;24;77000;74000;3200;6400;3900;16.3
6026;130;200;33;113000;101000;4850;4500;4350;15.8
16026;130;200;22;84000;82000;3650;4650;3450;16.4
6026-2RSR;130;200;33;113000;101000;4850;1750;���;15.8
6026-2Z;130;200;33;113000;101000;4850;3800;4350;15.8
6226;130;230;40;177000;146000;7500;3850;3900;14.5
6226-2Z;130;230;40;177000;146000;7500;3250;3900;14.5
6326;130;280;58;244000;214000;9800;3200;3500;13.5
61828-Y;140;175;18;41500;46000;1860;6700;3350;16
6028;140;210;33;117000;109000;5000;4250;4050;16
16028;140;210;22;86000;87000;3700;4400;3200;16.5
6028-2RSR;140;210;33;117000;109000;5000;1650;���;16
6028-2Z;140;210;33;117000;109000;5000;3600;4050;16
6228;140;250;42;188000;165000;8100;3600;3600;14.9
6328-M;140;300;62;270000;246000;11100;3850;3250;13.6
61830;150;190;20;54000;60000;2420;4700;3200;16.1
6030;150;225;35;131000;124000;5400;3950;3850;16
16030;150;225;24;98000;99000;4250;4050;3100;16.5
6030-2RSR;150;225;35;131000;124000;5400;1540;���;16
6030-2Z;150;225;35;131000;124000;5400;3350;3850;16
6230;150;270;45;187000;168000;7800;3350;3350;15.2
6330;150;320;65;300000;290000;13100;2800;3000;13.7
61832;160;200;20;55000;62000;2430;4450;3000;16.1
61932;160;220;28;98000;99000;4250;4050;3450;16.5
6032;160;240;38;142000;136000;5800;3700;3750;16
16032;160;240;25;109000;114000;4600;3800;2950;16.5
6032-2RSR;160;240;38;142000;136000;5800;1440;���;16
6032-2Z;160;240;38;142000;136000;5800;3150;3750;16
6232-M;160;290;48;212000;203000;8900;4050;3100;15.2
61834;170;215;22;65000;73000;2850;4100;2950;16.1
61934;170;230;28;109000;114000;4600;3800;3150;16.4
6034;170;260;42;179000;172000;7400;3400;3550;15.7
16034;170;260;28;131000;136000;5400;3500;2850;16.5
6034-2RSR;170;260;42;179000;172000;7400;1340;���;15.7
6234-M;170;310;52;225000;224000;9400;3800;2950;15.3
61836;180;225;22;66000;76000;2850;3900;2750;16.1
61936;180;250;33;131000;136000;5400;3500;3200;16.4
16036;180;280;31;140000;146000;5200;3350;2950;16.4
6036-M;180;280;46;201000;199000;8200;4050;3300;15.6
6236-M;180;320;52;240000;244000;10300;3650;2750;15.3
61838;190;240;24;73000;85000;3300;3650;2700;16.1
61938;190;260;33;140000;146000;5200;3350;3000;16.4
16038;190;290;31;158000;168000;6300;3100;2650;16.5
6038-M;190;290;46;216000;220000;9100;3850;3100;15.6
61840;200;250;24;74000;88000;3350;3500;2550;15.9
61940;200;280;38;158000;168000;6300;3100;2950;16.4
16040;200;310;34;186000;202000;7300;2850;2470;16.4
6040-M;200;310;51;231000;243000;9600;3650;3000;15.6
61844;220;270;24;78000;97000;3550;3200;2320;15.9
61944;220;300;38;186000;202000;6900;2850;2600;16.4
61848;240;300;28;100000;124000;4350;2900;2260;15.9
61948;240;320;38;211000;240000;8400;2600;2330;16.4
61852;260;320;28;102000;132000;4550;2700;2070;15.9
